ram_word_address,name,data_type,note
0003,g_bgLayerBActive,undefined2,
000A,g_pendingSpriteAttrWord,undefined2,
000B,g_pendingSpriteId,undefined2,
000D,g_spriteEntryCount,undefined2,
0011,g_pendingResync,undefined2,
0012,g_bgLayerAActive,undefined2,
0013,g_sysTickCounterHi,undefined2,
0014,g_sysTickCounterLo,undefined2,
0015,g_clipWindowEnabled,undefined2,
0016,g_tickCounterHigh,undefined2,
0017,g_tickCounterLow,undefined2,
0018,g_tickDelta,undefined2,
0019,g_needsRedraw,undefined2,
001D,g_prevCameraTileX,undefined2,
001E,g_prevCameraTileY,undefined2,
0020,g_scrollTileX,undefined2,
0021,g_scrollTileY,undefined2,
00A7,g_bgScrollX,undefined2,
0540,g_achievementFlags,undefined2,
054F,g_displayList,undefined,
08BA,g_starterChoice1TextId,undefined,
0A4F,g_spriteTileSlotTable,undefined,
0A60,g_spriteFrameTableBase,undefined2,
0A62,g_spriteFrameOffsets,undefined,
0A64,g_spriteFormatFlags,undefined2,
0B01,g_spriteWidth,undefined2,
0B02,g_spriteHeight,undefined2,
0B03,g_spriteFrameCount,undefined2,
0BD9,g_areaInteractableObjectCount,undefined2,
0BE8,g_currentRoomObjectIds,undefined,
0C4D,g_playerMoney,undefined2,
0C51,g_itemMaxHeld,undefined2,
0FF7,g_scriptedAnimFrame,undefined2,
0FF8,g_activeInstanceCount,undefined2,
1000,g_activeAnimalInstanceTable,undefined2,
1000,g_animalPoolEntryId,undefined2,
1001,g_animalPosX,undefined,
1002,g_animalPosY,undefined,
1003,g_animalApproachSide,undefined,
1004,g_animalSpawnParam2,undefined,
1005,g_animalSpeciesId,undefined,
1006,g_animalDisplayNameId,undefined,
1009,g_animalScreenPosX,undefined,
100A,g_animalScreenPosY,undefined,
1012,g_animalMessageBubbleId,undefined2,
101B,g_petCurrentActionId,undefined,
101D,g_petFlags,undefined,
101E,g_petActionParam,undefined,
101F,g_petActionTargetX,undefined,
1020,g_petActionTargetY,undefined,
1021,g_petPendingActivityId,undefined,
1022,g_animalWanderPathIndex,undefined,
1023,g_animalBubbleAnimState,undefined,
1025,g_bubbleScreenPosX,undefined,
1026,g_bubbleScreenPosY,undefined,
1384,g_unlockEligible,undefined2,
1388,g_unlockActive,undefined2,
138C,g_petDefTable,undefined2,
1590,g_eventRefCount,undefined2,
1599,g_eventRefs,undefined2,
15BE,g_pendingEvents,undefined,
15C5,g_pendingEventFlags,undefined,
177E,g_pendingEventCount,undefined2,
177F,g_miniPetConnected,undefined2,
1800,AUDIO_WAVE_ADDR,undefined,
1800,AUDIO_TONE_MODE_SW,undefined,
1800,AUDIO_MODE,undefined,odd byte address (second byte of the word)
1800,AUDIO_TONE_MODE_HW_ONESHOT,undefined,odd byte address (second byte of the word)
1801,AUDIO_TONE_MODE_HW_LOOP,undefined,
1801,AUDIO_LOOP_ADDR,undefined,
1801,AUDIO_PAN_VOL,undefined,odd byte address (second byte of the word)
1802,AUDIO_ENVELOPE0,undefined,
1802,AUDIO_ENVELOPE_DATA,undefined,odd byte address (second byte of the word)
1803,AUDIO_LADDR_HIGH_SHIFT,undefined,
1803,AUDIO_ENVELOPE1,undefined,
1803,AUDIO_ENVELOPE_ADDR_HIGH,undefined,odd byte address (second byte of the word)
1803,AUDIO_IRQ_ADDR_SHIFT,undefined,odd byte address (second byte of the word)
1804,AUDIO_PAN_SHIFT,undefined,
1804,AUDIO_ENVELOPE_TARGET_SHIFT,undefined,
1804,AUDIO_ENVELOPE_COUNT_SHIFT,undefined,
1804,AUDIO_ENVELOPE_ADDR,undefined,
1804,AUDIO_ENVELOPE_RPCNT_SHIFT,undefined,odd byte address (second byte of the word)
1804,AUDIO_WAVE_DATA_PREV,undefined,odd byte address (second byte of the word)
1804,AUDIO_RAMPDOWN_OFFSET_SHIFT,undefined,odd byte address (second byte of the word)
1804,AUDIO_POINT_NUMBER_SHIFT,undefined,odd byte address (second byte of the word)
1805,AUDIO_ENVELOPE_LOOP_CTRL,undefined,
1805,AUDIO_WAVE_DATA,undefined,odd byte address (second byte of the word)
1806,AUDIO_TONE_MODE_SHIFT,undefined,
1806,AUDIO_ADPCM_SEL,undefined,odd byte address (second byte of the word)
181F,AUDIO_WADDR_HIGH_MASK,undefined,odd byte address (second byte of the word)
181F,AUDIO_EADDR_HIGH_MASK,undefined,odd byte address (second byte of the word)
1820,AUDIO_IRQ_EN_MASK,undefined,
183F,AUDIO_VOLUME_MASK,undefined,odd byte address (second byte of the word)
183F,AUDIO_ENVELOPE_INC_MASK,undefined,odd byte address (second byte of the word)
183F,AUDIO_EDD_MASK,undefined,odd byte address (second byte of the word)
1840,AUDIO_ENVELOPE_SIGN_MASK,undefined,
187C,g_dialogueBoxPosX,undefined2,
187D,g_dialogueBoxPosY,undefined2,
187E,g_activeBubbleCount,undefined2,
187F,g_bubbleSlotActive,undefined2,
187F,AUDIO_ENVELOPE_LOAD_MASK,,odd byte address (second byte of the word)
1880,g_bubbleSlotOwnerX,undefined,
1880,AUDIO_ENVELOPE_RPT_MASK,undefined,
1881,g_bubbleSlotOwnerY,undefined,
1882,g_bubbleSlotPhase,undefined2,
1883,g_bubbleSlotTimerHigh,undefined,
1884,g_bubbleSlotTimerLow,undefined,
1885,g_bubbleSlotRoomId,undefined,
1886,g_bubbleSlotPhaseDurationFloat,undefined,
1887,g_bubbleSlotPhaseDurationFloat_hi,undefined,
1888,g_bubbleSlotIconTileId,undefined,
1889,g_bubbleSlotAnimState,undefined,
188A,g_bubbleSlotAnimDuration,undefined,
188D,g_bubbleSlotAnimFrameRate,undefined,
188E,g_bubbleSlotFlags,undefined,
188F,g_bubbleSlotSpriteBank,undefined,
1893,g_bubbleSlotOwnerId,undefined2,
18FF,AUDIO_EAOFFSET_MASK,undefined,odd byte address (second byte of the word)
197D,g_miniPetTrailReadIndex,undefined2,
197E,g_miniPetTrailWriteIndex,undefined2,
1980,g_miniPetTrackingFlag,undefined2,
1981,g_miniPetReactionSubState,undefined2,
1983,g_miniPetTrailPositionsX,undefined2,
1984,g_miniPetTrailPositionsY,undefined2,
1985,g_miniPetTrailPoseIds,undefined2,
1A4E,g_testModeFlag,undefined2,
1A90,g_starterSpeciesChoice,undefined2,
1A91,g_starterExtraField,undefined2,
1A92,g_petDisplayAppearanceIdSaved,undefined2,
1A93,g_houseChoice,undefined2,
1A96,g_currentRoomId,undefined2,
1A97,g_gameState,GameState,
1A98,g_returnGameState,GameState,
1A99,g_miniPetPromptState,undefined2,
1A9A,g_storyInteractionResultCode,undefined2,
1A9C,g_storyInteractionSpawnReason,undefined2,
1A9E,g_miniPetPromptItemId,undefined2,
1A9F,g_selectedAnimalPoolIndex,undefined2,
1AA0,g_itemMenuResult,undefined2,
1AA1,g_itemMenuCategory,undefined2,
1AA2,g_itemMenuMode,undefined2,
1AA4,g_currentAreaId,undefined2,
1AA5,g_activeStoryObjectId,undefined2,
1AA6,g_nearbyDecorationIndex,undefined2,
1AAA,g_roomWidthPixels,undefined2,
1AAB,g_roomHeightPixels,undefined2,
1AB0,g_cameraX,undefined2,
1AB1,g_cameraY,undefined2,
1AB2,g_baseOffset,undefined2,
1AB3,g_scale,undefined2,
1AB4,g_originX,undefined2,
1AB5,g_playerWorldPosX,undefined2,
1AB6,g_playerWorldPosY,undefined2,
1AB7,g_playerMarkerTileId,undefined2,
1AB8,g_playerMarkerTileParam,undefined2,
1AFE,g_deferSaveChecksum,undefined2,
1AFF,g_currentSaveSlot,undefined2,
1B18,g_linkPacketClearFlag,undefined2,
1B19,g_linkFeatureAvailable,undefined2,
1B1A,g_linkProtocolState,undefined2,
1B1B,g_linkSoundChannel,undefined2,
1B21,g_linkPacketLength,undefined2,
1B22,g_linkPacketCommand,undefined2,
1B2E,g_miniPetState,undefined2,
1B88,DAT_001b88,undefined2,
1BC1,g_linkPacketReadyFlag,undefined2,
1BC6,g_linkRecvBuffer,undefined2,
1BD2,g_linkReadStatus,undefined2,
1BD8,g_mapMarkerCount,undefined2,
1BD9,g_mapMarkerAnimsStarted,undefined2,
1C74,g_scrollLeftHeld,undefined2,
1C75,g_scrollRightHeld,undefined2,
1C76,g_scrollUpHeld,undefined2,
1C77,g_scrollDownHeld,undefined2,
1C78,g_pendingStoryTransition,undefined2,
1C79,g_currentPetActionId,undefined2,
1C7A,g_petSequenceStep,undefined2,
1C7B,g_petTargetX,undefined2,
1C7C,g_petTargetY,undefined2,
1C7D,g_petScratchTargetX,undefined2,
1C7E,g_petScratchTargetY,undefined2,
1C7F,g_encounterSequenceTickHigh,undefined2,
1C80,g_encounterSequenceTickLow,undefined2,
1C81,g_idleSoundDeadlineHigh,undefined2,
1C82,g_idleSoundDeadlineLow,undefined2,
1C83,g_softFloatAccumLow,undefined2,
1C84,g_softFloatAccumHigh,undefined2,
1C85,g_idleSettleDeadlineHigh,undefined2,
1C86,g_idleSettleDeadlineLow,undefined2,
1C87,g_pendingReturnState,undefined2,
1C88,g_petRepeatCount,undefined2,
1C89,g_encounterAnimalId,undefined2,
1C8A,g_playerReactionCategory,undefined2,
1C8B,g_animalReactionCategory,undefined2,
1C8E,g_lastEncounterTickHigh,undefined2,
1C8F,g_lastEncounterTickLow,undefined2,
1C90,g_starterScrollStep,undefined2,
1C91,g_starterCandidateIndex,undefined2,
1C92,g_starterScrollDeadlineHigh,undefined2,
1C93,g_starterScrollDeadlineLow,undefined2,
1CC1,g_cameraScrollX,undefined2,
1CC2,g_cameraScrollY,undefined2,
1CC3,g_playerActorTickState,undefined2,
1CC4,g_playerActorTickFlag,undefined2,
1CC5,g_soundCategoryId,undefined2,
1CC6,g_petDisplayAppearanceId,undefined2,
1CC8,g_petDisplayAppearanceIdCached,undefined2,
1CC9,g_playerScreenPosX,undefined2,
1CCA,g_playerScreenPosY,undefined2,
1CD1,g_petInteractionMode,undefined2,
1CD2,g_activeIdleBubbleId,undefined2,
1CE2,g_nDialogueRewardItemIdA,undefined2,
1CE3,g_nDialogueRewardItemIdB,undefined2,
1CF7,g_itemReactionShownFlag,undefined2,
1CF8,g_encounterPersonalityDelta,undefined2,
1CF9,g_petName,undefined,
1D0D,g_channelEnableMask,undefined2,
1D0E,g_dueChannelMask,undefined2,
1D33,g_soundPlaybackFlags,undefined2,
1D3C,voice_pan_raw,undefined2,
1D3E,voice_volume_raw,undefined2,
1D3F,VOICE_VOLUME_SCALE,undefined2,
1D94,CharacterTable,undefined,
1E16,g_totalQuestsCompleted,undefined2,
1E17,g_itemOfferedFlags_A,undefined2,
1E19,g_eventTriggeredFlags,undefined2,
1E1B,g_questPhase,undefined2,
1E1C,g_questInteractPending,undefined2,
1E1D,g_questAdvanceOnInteract,undefined2,
1E1E,g_useGenericQuestText,undefined2,
1E1F,g_questHudActive,undefined2,
1E20,g_questNoItemReactionPlayed,undefined2,
1E21,g_questItemsReadyToTurnIn,undefined2,
1E22,g_questDialogueCallCount,undefined2,
1E23,g_questTimerVisible,undefined2,
1E24,g_previousQuestTargetSpeciesId,undefined2,
1E25,g_previousQuestTypeMode,undefined2,
1E67,g_questTypeMode,undefined2,
1E68,g_questTargetSpeciesId,undefined2,
1E69,g_contentPoolTable,undefined2,
1E6A,g_questDialogueTextIdTable,undefined2,
1E6B,g_questCompletionTextIdTable,undefined2,
1E6C,g_questTimeLimit,undefined2,
1E6D,g_questItemSpawnTable,undefined2,
1E6E,g_questItemObjectiveTable,undefined2,
1E6F,g_questBonusRewardTable,undefined2,
1E88,REG_TIMEBASE_SETUP,undefined,
1E88,REG_TIMEBASE_CLEAR,undefined,odd byte address (second byte of the word)
1E89,REG_TIMERA_DATA,undefined,
1E89,REG_TIMERA_CTRL,undefined,odd byte address (second byte of the word)
1E8A,REG_TIMERA_ON,undefined,
1E8A,REG_TIMERA_IRQCLR,undefined,odd byte address (second byte of the word)
1E8B,REG_TIMERB_DATA,undefined,
1E8B,REG_TIMERB_CTRL,undefined,odd byte address (second byte of the word)
1E8C,REG_TIMERB_ON,undefined,
1E8C,REG_TIMERB_IRQCLR,undefined,odd byte address (second byte of the word)
1E8E,REG_VERT_LINE,undefined,
1E90,REG_SYSTEM_CTRL,undefined2,
1E90,REG_INT_CTRL,,odd byte address (second byte of the word)
1E91,REG_INT_CLEAR,undefined,
1E91,REG_EXT_MEMORY_CTRL,undefined,odd byte address (second byte of the word)
1E92,REG_WATCHDOG_CLEAR,undefined,
1E92,REG_ADC_CTRL,undefined,odd byte address (second byte of the word)
1E93,REG_ADC_PAD,undefined2,
1E93,REG_ADC_DATA,,odd byte address (second byte of the word)
1E94,REG_SLEEP_MODE,undefined2,
1E94,REG_WAKEUP_SOURCE,,odd byte address (second byte of the word)
1E95,REG_WAKEUP_TIME,undefined,
1E95,REG_NTSC_PAL,undefined,odd byte address (second byte of the word)
1E96,REG_PRNG1,undefined,
1E96,REG_PRNG2,undefined,odd byte address (second byte of the word)
1E97,REG_FIQ_SEL,undefined,
1E97,REG_DATA_SEGMENT,undefined,odd byte address (second byte of the word)
1E98,REG_UART_CTRL,undefined,
1E98,REG_UART_STATUS,undefined,odd byte address (second byte of the word)
1E99,REG_UART_RESET,undefined,
1E99,REG_UART_BAUD1,undefined,odd byte address (second byte of the word)
1E9A,REG_UART_BAUD2,undefined2,
1E9A,REG_UART_TXBUF,,odd byte address (second byte of the word)
1E9B,REG_UART_RXBUF,undefined,
1E9B,REG_UART_RXFIFO,undefined,odd byte address (second byte of the word)
1EA0,REG_SPI_CTRL,undefined,
1EA0,REG_SPI_TXSTATUS,undefined,odd byte address (second byte of the word)
1EA1,REG_SPI_TXDATA,undefined,
1EA1,REG_SPI_RXSTATUS,undefined,odd byte address (second byte of the word)
1EA2,REG_SPI_RXDATA,undefined,
1EA2,REG_SPI_MISC,undefined,odd byte address (second byte of the word)
1EA8,REG_SIO_SETUP,undefined,
1EA8,REG_SIO_STATUS,undefined,odd byte address (second byte of the word)
1EA9,REG_SIO_ADDRL,undefined,
1EA9,REG_SIO_ADDRH,undefined,odd byte address (second byte of the word)
1EAA,REG_SIO_DATA,undefined,
1EAA,REG_SIO_AUTO_TX_NUM,undefined,odd byte address (second byte of the word)
1EAC,REG_I2C_CMD,undefined,
1EAC,REG_I2C_STATUS,undefined,odd byte address (second byte of the word)
1EAD,REG_I2C_ACCESS,undefined,
1EAD,REG_I2C_ADDR,undefined,odd byte address (second byte of the word)
1EAE,REG_I2C_SUBADDR,undefined,
1EAE,REG_I2C_DATA_OUT,undefined,odd byte address (second byte of the word)
1EAF,REG_I2C_DATA_IN,undefined,
1EAF,REG_I2C_MODE,undefined,odd byte address (second byte of the word)
1EB0,REG_REGULATOR_CTRL,undefined,
1EB0,REG_CLOCK_CTRL,undefined,odd byte address (second byte of the word)
1FC9,g_floatFormatScratchArena,undefined2,
1FE0,AUDIO_LADDR_HIGH_MASK,undefined,
2022,g_savedVolumeLevel,undefined2,
2023,g_musicEnabled,undefined2,
2024,g_activeSoundIdTable,undefined2,
2067,g_playerInventorySlots,undefined2,
20A7,g_selectedMenuItemIndex,undefined2,
20A9,g_isPetBusy,undefined2,
20AC,g_activeMenuSet,undefined2,
20E6,s_buttonEventCodeTable_GroupA,undefined,
20F6,s_buttonEventCodeTable_GroupB,undefined,
20FE,s_buttonEventCodeTable_GroupC,undefined,
210F,g_buttonEnableMask,undefined,
211E,g_prevButtonState,undefined2,
2124,g_oneTimeEventsShown,undefined2,
2125,g_oneTimeEventsEnabled,undefined2,
2178,g_illnessLabelTable,undefined,
2182,g_petPersonalityStats,PetPersonalityStats,
2186,g_hungerStat,undefined,
2187,g_nHealthScore,short,
2189,g_happinessStat,undefined,
218A,g_tirednessStat,undefined2,
218B,g_cleanlinessStat,undefined2,
218C,g_tricksKnownCount,undefined2,
218D,g_activeIllnessId,PetIllnessId,
219A,g_petTraits,undefined,
21CB,g_eepromTestResult,undefined2,
21DA,g_spriteSlotTable,undefined,
21E3,g_activeSpriteSlotIndex,undefined2,
21E7,g_lifetimeMoneyEarned,undefined2,
21F0,g_starterSelectCursor,undefined2,
21F1,g_starterSelectChangedFlag,undefined2,
21F2,g_starterSelectConfirmed,undefined2,
21F3,g_starterSelectScrollY,undefined2,
21F4,g_starterSelectScrollX,undefined2,
21F5,g_starterHaloStat,undefined2,
21F6,g_starterPitchforkStat,undefined2,
21F7,g_starterStarStat,undefined2,
21F8,g_starterLightbulbStat,undefined2,
21FA,g_optionsMenuSelectedIndex,undefined2,
21FC,g_loadSaveSelectedSlot,undefined2,
21FD,g_slotSelectCursor,undefined2,
21FE,g_carrierTransferSelectedSlot,undefined2,
21FF,PIN_EepromChipSelect,undefined2,
2200,PIN_EepromClock,undefined2,
2201,PIN_EepromDataOut,undefined2,
2202,PIN_EepromDataIn,undefined,
2206,g_saveCursorAddr,undefined2,
2207,g_saveDataBasePtr,undefined2,
2810,VID_PAGE1_X_SCROLL,undefined2,
2811,VID_PAGE1_Y_SCROLL,undefined2,
2812,VID_PAGE1_ATTRIBUTES,undefined2,
2813,g_spriteEngineStateA,undefined2,
2813,VID_PAGE1_CONTROL,undefined2,
2814,VID_PAGE1_TILE_ADDRESS,undefined2,
2815,VID_PAGE1_ATTRIBUTE_ADDRESS,undefined2,
2816,VID_PAGE2_X_SCROLL,undefined2,
2817,VID_PAGE2_Y_SCROLL,undefined2,
2818,VID_PAGE2_ATTRIBUTES,undefined2,
2819,VID_PAGE2_CONTROL,undefined2,
281A,VID_PAGE2_TILE_ADDRESS,undefined2,
281B,VID_PAGE2_ATTRIBUTE_ADDRESS,undefined2,
281C,VID_VERTICAL_COMPRESSION,undefined,
2820,VID_PAGE1_SEGMENT_ADDRESS,undefined2,
2821,VID_PAGE2_SEGMENT_ADDRESS,undefined2,
2822,g_spriteDataBank,undefined2,
2822,VID_SPRITE_SEGMENT_ADDRESS,undefined2,
282A,VID_BLEND_LEVEL_CONTROL,undefined2,
2830,VID_FADE_EFFECT_CONTROL,undefined,
2836,VID_VIDEO_IRQ_POS_V,undefined,
2837,VID_VIDEO_IRQ_POS_H,undefined,
2838,VID_CURRENT_LINE,undefined,
2839,VID_LATCH_1ST_LINE_PEN_PULSE,undefined,
283C,VID_TV_CONTROL1,undefined,
283D,VID_TV_CONTROL2,undefined,
283E,VID_LIGHT_PEN_Y_POSITION,undefined,
283F,VID_LIGHT_PEN_X_POSITION,undefined,
2842,VID_SPRITE_CONTROL,undefined2,
2862,VID_VIDEO_IRQ_ENABLE,undefined2,
2863,VID_VIDEO_IRQ_STATUS,undefined2,
2870,VID_SPRITE_DMA_SOURCE,undefined2,
2871,VID_SPRITE_DMA_DEST,undefined2,
2872,VID_SPRITE_DMA_LENGTH,undefined,
2B00,g_bgTilemapBuffer,word[256],
2C00,g_spriteTilemapBuffer,word[1024],
3000,AUDIO_CH0_WAVE_ADDR,undefined,
3000,AUDIO_TONE_MODE_MASK,undefined,
3001,AUDIO_CH0_MODE,undefined,
3002,AUDIO_CH0_LOOP_ADDR,undefined,
3003,AUDIO_CH0_PAN_VOL,undefined,
3004,AUDIO_CH0_ENVELOPE0,undefined,
3005,AUDIO_CH0_ENVELOPE_DATA,undefined,
3006,AUDIO_CH0_ENVELOPE1,undefined,
3007,AUDIO_CH0_ENVELOPE_ADDR_HIGH,undefined,
3008,AUDIO_CH0_ENVELOPE_ADDR,undefined,
3009,AUDIO_CH0_WAVE_DATA_PREV,undefined,
300A,AUDIO_CH0_ENVELOPE_LOOP_CTRL,undefined,
300B,AUDIO_CH0_WAVE_DATA,undefined2,
300D,AUDIO_CH0_ADPCM_SEL,undefined,
3400,AUDIO_CHANNEL_ENABLE,undefined2,
3401,AUDIO_MAIN_VOLUME,undefined2,
3402,AUDIO_CHANNEL_FIQ_ENABLE,undefined2,
3403,AUDIO_CHANNEL_FIQ_STATUS,undefined,
3404,AUDIO_BEAT_BASE_COUNT,undefined2,
3405,AUDIO_BEAT_COUNT,undefined2,
3406,AUDIO_ENVCLK0,undefined2,
3407,AUDIO_ENVCLK0_HIGH,undefined2,
3408,AUDIO_ENVCLK1,undefined2,
3409,AUDIO_ENVCLK1_HIGH,undefined2,
340A,AUDIO_ENV_RAMP_DOWN,undefined2,
340B,AUDIO_CHANNEL_STOP,undefined,
340C,AUDIO_CHANNEL_ZERO_CROSS,undefined2,
340D,AUDIO_CONTROL,undefined2,
340E,AUDIO_COMPRESS_CTRL,undefined2,
340F,AUDIO_CHANNEL_STATUS,undefined2,
3800,AUDIO_16M_MASK,undefined,
3D00,IO_IO_MODE,undefined2,
3D01,IO_CartInterfaceStatus,undefined2,
3D01,IO_IOA_DATA,undefined2,
3D02,g_linkGpioPort,undefined2,
3D02,IO_IOA_BUFFER,undefined2,
3D03,IO_IOA_DIR,undefined2,
3D04,IO_IOA_ATTRIB,undefined2,
3D05,IO_IOA_MASK,undefined2,
3D06,IO_EepromPort,undefined2,
3D06,IO_IOB_DATA,undefined2,
3D07,IO_IOB_BUFFER,undefined2,
3D08,IO_IOB_DIR,undefined2,
3D09,IO_IOB_ATTRIB,undefined2,
3D0A,IO_IOB_MASK,undefined2,
3D0B,IO_IOC_DATA,undefined2,
3D0C,IO_IOC_BUFFER,undefined2,
3D0D,IO_IOC_DIR,undefined2,
3D0E,IO_IOC_ATTRIB,undefined2,
3D0F,IO_IOC_MASK,undefined2,
3D10,IO_TIMEBASE_SETUP,undefined,
3D11,IO_TIMEBASE_CLEAR,undefined2,
3D12,IO_TIMERA_DATA,undefined,
3D13,IO_TIMERA_CTRL,undefined,
3D14,IO_TIMERA_ON,undefined2,
3D15,IO_TIMERA_IRQCLR,undefined,
3D16,IO_TIMERB_DATA,undefined2,
3D17,IO_TIMERB_CTRL,undefined2,
3D18,IO_TIMERB_ON,undefined2,
3D19,IO_TIMERB_IRQCLR,undefined2,
3D1B,g_cartTimeoutTicks,undefined2,
3D1C,IO_VERT_LINE,undefined,
3D20,IO_SYSTEM_CTRL,undefined2,
3D21,IO_INT_CTRL,undefined2,
3D22,IO_INT_CLEAR,undefined2,
3D23,IO_EXT_MEMORY_CTRL,undefined2,
3D24,IO_WATCHDOG_CLEAR,undefined,
3D25,IO_ADC_CTRL,undefined,
3D26,IO_ADC_PAD,undefined,
3D27,IO_ADC_DATA,undefined,
3D28,IO_SLEEP_MODE,undefined,
3D29,IO_WAKEUP_SOURCE,undefined,
3D2A,IO_WAKEUP_TIME,undefined,
3D2B,IO_NTSC_PAL,undefined,
3D2C,IO_PRNG1,undefined,
3D2D,IO_PRNG2,undefined,
3D2E,IO_FIQ_SEL,undefined,
3D2F,g_BankSelect,undefined2,
3D2F,IO_DATA_SEGMENT,undefined2,
3D30,IO_UART_CTRL,undefined,
3D31,IO_UART_STATUS,undefined,
3D32,IO_UART_RESET,undefined,
3D33,IO_UART_BAUD1,undefined,
3D34,IO_UART_BAUD2,undefined,
3D35,IO_UART_TXBUF,undefined,
3D36,IO_UART_RXBUF,undefined,
3D37,IO_UART_RXFIFO,undefined,
3D40,IO_SPI_CTRL,undefined,
3D41,IO_SPI_TXSTATUS,undefined,
3D42,IO_SPI_TXDATA,undefined,
3D43,IO_SPI_RXSTATUS,undefined,
3D44,IO_SPI_RXDATA,undefined,
3D45,IO_SPI_MISC,undefined,
3D50,IO_SIO_SETUP,undefined,
3D51,IO_SIO_STATUS,undefined,
3D52,IO_SIO_ADDRL,undefined,
3D53,IO_SIO_ADDRH,undefined,
3D54,IO_SIO_DATA,undefined,
3D55,IO_SIO_AUTO_TX_NUM,undefined,
3D58,IO_I2C_CMD,undefined,
3D59,IO_I2C_STATUS,undefined,
3D5A,IO_I2C_ACCESS,undefined,
3D5B,IO_I2C_ADDR,undefined,
3D5C,IO_I2C_SUBADDR,undefined,
3D5D,IO_I2C_DATA_OUT,undefined,
3D5E,IO_I2C_DATA_IN,undefined,
3D5F,IO_I2C_MODE,undefined,
3D60,IO_REGULATOR_CTRL,undefined,
3D61,IO_CLOCK_CTRL,undefined,
3D62,IO_IO_DRIVE_CTRL,undefined,
3E00,DMA_ARG0,undefined2,
3E00,DMA_SOURCE_LO,undefined2,
3E01,DMA_ARG1,undefined2,
3E01,DMA_SOURCE_HI,undefined2,
3E02,DMA_BUSY,undefined2,
3E02,DMA_LENGTH,undefined2,
3E03,DMA_CMD,undefined2,
3E03,DMA_DEST,undefined2,
4734,StoryStage6_Handler_candidate,,
488D,g_npcObj_Sooty,AreaInteractableObject,
5700,AUDIO_POINT_NUMBER_MASK,undefined,
5780,AUDIO_PAN_MASK,undefined,
5780,AUDIO_ENVELOPE_TARGET_MASK,undefined,
57BF,AUDIO_PAN_VOL_MASK,undefined,odd byte address (second byte of the word)
5800,AUDIO_ADPCM_MASK,undefined,
5800,AUDIO_ENVELOPE_REPEAT_PERIOD_MASK,undefined,
5800,AUDIO_ADPCM36_MASK,undefined,
6BFE,g_stageRowStrideTable,undefined,
6C01,g_areaObjectTablePtrs_byTier,undefined,
6C02,g_eventItemCategoryMaxCount,undefined,
8AD1,g_spriteFrameStart[],undefined,
8AD2,g_spriteFrameEnd[],undefined,
8AD3,g_spriteDefaultDuration[],undefined,
8AD4,g_spriteDefaultFrameRate[],undefined,
91A3,g_TableBaseLo,undefined2,
91A4,g_TableBaseHi,undefined2,
9700,AUDIO_ENVELOPE_RPCNT_MASK,undefined,
9700,AUDIO_RAMPDOWN_OFFSET_MASK,undefined,
9700,AUDIO_ADPCM_SEL_MASK,undefined,
9780,AUDIO_ENVELOPE_COUNT_MASK,undefined,
97BF,AUDIO_ENVELOPE_DATA_MASK,undefined,odd byte address (second byte of the word)
97C0,AUDIO_IRQ_ADDR_MASK,undefined,
A5DF,ItemTypeFlags,undefined,
A5DF,0,undefined,
A5E0,g_abItemDefTable,ItemDefEntry[268],
A5E2,ItemMaxCountShift,,
A5E3,g_itemPriceTable,,
A5E8,g_ItemEffectCategory,,
A5E9,GigaIslandMap,,
A5F3,Halo,,
A5FD,GoodyBag,,
A607,GreatGoodyBag,,
A611,item_005_Huge_Bag_o_Halos,,
A61B,item_006_Pitchfork,,
A625,item_007_Bag_o_Bad,,
A62F,item_008_Big_Bag_o_Bad,,
A639,item_009_Huge_Bag_of_Pitchforks,,
A643,item_010_Star,,
A64D,item_011_Sack_o_Stars,,
A657,item_012_Big_Sack_o_Stars,,
A661,item_013_Huge_Sack_o_Stars,,
A66B,item_014_Lightbulb,,
A675,item_015_Sack_o_Smarts,,
A67F,item_016_Super_Sack_o_Smarts,,
A689,item_017_Huge_Bag_of_Lightbulbs,,
A693,item_018_Ash_Potion,,
A69D,item_019_Black_and_White_Potion,,
A6A7,item_020_Gold_Potion,,
A6B1,item_021_Grow_Potion,,
A6BB,item_022_Radioactive_Potion,,
A6C5,item_023_Alfalfa_Mousse,,
A6CF,item_024_Bacon_Balls,,
A6D9,item_025_Bamboo_Licorice,,
A6E3,item_026_Banana_Split,,
A6ED,item_027_Buffalo_Jerky,,
A6F7,item_028_Chewy_Chow,,
A701,item_029_Coconut_Quiche,,
A70B,item_030_Fried_Bananas,,
A715,item_031_Lettuce_Nuggets,,
A71F,item_032_Mango_Pops,,
A729,item_033_Monkey_Meal,,
A733,item_034_Muffin_Sprouts,,
A73D,item_035_Panda_Chips,,
A747,item_036_Passion_Fruit_Salad,,
A751,item_037_Soy_Chop,,
A75B,item_038_Spinach_Smoothie,,
A765,item_039_Steak_Tar_Tar,,
A76F,item_040_Table_Scraps,,
A779,item_041_Taco_Fries,,
A783,item_042_Taco_Fries_Giga_Meal,,
A78D,item_043_Meat_Loaf,,
A797,item_044_Biscuit,,
A7A1,item_045_Granola_Sprouts,,
A7AB,item_046_Fried_Chocolate,,
A7B5,item_047_Sugar_Ball,,
A7BF,item_048_Main_Dish,,
A7C9,item_049_Steak_Puree,,
A7D3,item_050_Tofu,,
A7DD,item_051_Green_Salad,,
A7E7,item_052_Vitamins,,
A7F1,item_053_Angel_Food_Cake,,
A7FB,item_054_Devils_Food_Cake,,
A805,item_055_Dim_Some,,
A80F,item_056_Sour_Grapes,,
A819,item_057_Pretty_Pies,,
A823,item_058_Einsteinios,,
A82D,item_059_Nice_Drops,,
A837,item_060_Wicked_Wafers,,
A841,item_061_Cabbage_Bar,,
A84B,item_062_Cotton_Candy,,
A855,item_063_Escargot,,
A85F,item_064_Fiber_Sticks,,
A869,item_065_Shiny_Gold,,
A873,item_066_Hagfish_Hummus,,
A87D,item_067_Mulch_Meal,,
A887,item_068_Parsley_Pate,,
A891,item_069_Pixie_Twigs,,
A89B,item_070_Roasted_Scarab,,
A8A5,item_071_Romaine_Brulee,,
A8AF,item_072_Sunshine_Bisque,,
A8B9,item_073_Sushi_A_La_Mode,,
A8C3,item_074_Tuna_Smoothie,,
A8CD,item_075_Sea_Bath,,
A8D7,item_076_Aspirin,,
A8E1,item_077_Happy_Juice,,
A8EB,item_078_Chicken_Soup,,
A8F5,item_079_Chili_Pill,,
A8FF,item_080_Cooty_B_Gone_Spray,,
A909,item_081_EucalyptX,,
A913,item_082_Fur_Oil,,
A91D,item_083_Four_Leaf_Clover,,
A927,item_084_Heat_Pack,,
A931,item_085_Ickicide,,
A93B,item_086_Oogy_Tonic,,
A945,item_087_Puppermints,,
A94F,item_088_Sane_Salve,,
A959,item_089_Molt_Cream,,
A963,item_090_Sun_Cream,,
A96D,item_091_Hair_Aid,,
A977,item_092_Tummy_OK,,
A981,item_093_Special_Stuffed_Dog,,
A98B,item_094_Special_Stuffed_Monkey,,
A995,item_095_Special_Stuffed_Panda,,
A99F,item_096_Dog_Doll,,
A9A9,item_097_Giraffe_Doll,,
A9B3,item_098_Hamster_Doll,,
A9BD,item_099_Kitten_Doll,,
A9C7,item_100_Lizard_Doll,,
A9D1,item_101_Monkey_Doll,,
A9DB,item_102_Panda_Doll,,
A9E5,item_103_Pixie_Doll,,
A9EF,item_104_Puffball_Doll,,
A9F9,item_105_Rabbit_Doll,,
AA03,item_106_Scorpion_Doll,,
AA0D,item_107_Basic_Food_Dish,,
AA17,item_108_Fancy_Food_Dish,,
AA21,item_109_Metal_Food_Dish,,
AA2B,item_110_Wood_Food_Dish,,
AA35,item_111_Basic_Bed,,
AA3F,item_112_Diner_Bed,,
AA49,item_113_Fancy_Bed,,
AA53,item_114_Tiki_Bed,,
AA5D,item_115_Basic_Window,,
AA67,item_116_Window_with_Blinds,,
AA71,item_117_Window_with_Curtains,,
AA7B,item_118_Tiki_Window,,
AA85,item_119_Ball_of_Yarn,,
AA8F,item_120_Baseball,,
AA99,item_121_Basketball,,
AAA3,item_122_Beach_Ball,,
AAAD,item_123_Chew_Toy,,
AAB7,item_124_Dodge_Ball,,
AAC1,item_125_Fuzzy_Ball,,
AACB,item_126_Hackey_Sack,,
AAD5,item_127_Magic_Orb,,
AADF,item_128_Stress_Ball,,
AAE9,item_129_Tennis_Ball,,
AAF3,item_130_Bonsai_Plant,,
AAFD,item_131_Purple_Vase,,
AB07,item_132_Lamp,,
AB11,item_133_Maori_Head,,
AB1B,item_134_Snow_Globe,,
AB25,item_135_Taco_Fries_Figurine,undefined,
AB2F,item_136_Tiki_Man_Figurine,undefined,
AB39,item_137_Vase,undefined,
AB43,item_138_Crabbage_Toy,undefined,
AB4D,item_139_Potted_Plant,undefined,
AB57,item_140_Top,undefined,
AB61,item_141_Trophy,undefined,
AB6B,item_142_Disco_Ball,undefined,
AB75,item_143_Chimes,undefined,
AB7F,item_144_Dream_Catcher,undefined,
AB89,item_145_Hanging_Lantern,undefined,
AB93,item_146_Hanging_Plant,undefined,
AB9D,item_147_White_Walls,undefined,
ABA7,item_148_Wall_with_Green_Trim,undefined,
ABB1,item_149_Wall_with_Purple_Trim,undefined,
ABBB,item_150_Brick_Wall,undefined,
ABC5,item_151_Green_Brick_Wall,undefined,
ABCF,item_152_Blue_Brick_Wall,undefined,
ABD9,item_153_Purple_Brick_Wall,undefined,
ABE3,item_154_Yellow_Brick_Wall,undefined,
ABED,item_155_Red_Brick_Wall,undefined,
ABF7,item_156_Bamboo_Wall,undefined,
AC01,item_157_Green_Bamboo_Wall,undefined,
AC0B,item_158_Green_Floor,undefined,
AC15,item_159_Wooden_Floor,undefined,
AC1F,item_160_Checker_Floor,undefined,
AC29,item_161_Purple_Checker_Floor,undefined,
AC33,item_162_Grass_Floor,undefined,
AC3D,item_163_Friendship_Token,undefined,
AC47,item_164_Big_Fancy_Key,undefined,
AC51,item_165_Corkscrew,undefined,
AC5B,item_166_Crabbage,undefined,
AC65,item_167_Crown_Wanted_Poster,undefined,
AC6F,item_168_Furrywuzzig,undefined,
AC79,item_169_Key_to_the_City,undefined,
AC83,item_170_Kings_Crown,undefined,
AC8D,item_171_Kings_Diamond_Collar,undefined,
AC97,item_172_Kings_Jeweled_Box,undefined,
ACA1,item_173_Kings_Medallion,undefined,
ACAB,item_174_Kings_Magnificent_Statue,undefined,
ACB5,item_175_Kings_Sword,undefined,
ACBF,item_176_Kings_Scepter,undefined,
ACC9,item_177_Kings_Golden_Shield,undefined,
ACD3,item_178_Kings_Royal_Crest,undefined,
ACDD,item_179_Kings_Royal_Cloak,undefined,
ACE7,item_180_Kings_Signet_Ring,undefined,
ACF1,item_181_Kings_Royal_Water_Dish,undefined,
ACFB,item_182_Ornate_Wood_Carving,undefined,
AD05,item_183_Rag_Doll,undefined,
AD0F,item_184_Pack_Rat_Poser,undefined,
AD19,item_185_Royal_Badge,undefined,
AD23,item_186_Royal_Invitation,undefined,
AD2D,item_187_Skeleton_Key,undefined,
AD37,item_188_Taco_Fries_Place_Map,undefined,
AD41,item_189_Kings_Crown_Treasure_Map,undefined,
AD4B,item_190_Treasure_Map_1,undefined,
AD55,item_191_Treasure_Map_2,undefined,
AD5F,item_192_Treasure_Map_3,undefined,
AD69,item_193_Treasure_Map_4,undefined,
AD73,item_194_Treasure_Map_5,undefined,
AD7D,item_195_Treasure_Map_6,undefined,
AD87,item_196_Treasure_Map_7,undefined,
AD91,item_197_Treasure_Map_8,undefined,
AD9B,item_198_Treasure_Map_9,undefined,
ADA5,item_199_Treasure_Map_10,undefined,
ADAF,item_200_Taco_Fries_Secret_Recipe,undefined,
ADB9,item_201_Blue_Flower,undefined,
ADC3,item_202_Orange_Flower,undefined,
ADCD,item_203_Red_Flower,undefined,
ADD7,item_204_Blue_Gem,undefined,
ADE1,item_205_Green_Gem,undefined,
ADEB,item_206_Red_Gem,undefined,
ADF5,item_207_Green_Apple,undefined,
ADFF,item_208_Red_Apple,undefined,
AE09,item_209_Arrow_Head,undefined,
AE13,item_210_Bamboo_Stick,undefined,
AE1D,item_211_Banana,undefined,
AE27,item_212_Bone,undefined,
AE31,item_213_Carrot,undefined,
AE3B,item_214_Coconut,undefined,
AE45,item_215_Bronze_Coin,undefined,
AE4F,item_216_Silver_Coin,undefined,
AE59,item_217_Silver_Weed_Plant,undefined,
AE63,item_218_Giga_Berry_Plant,undefined,
AE6D,item_219_Jade_Stone,undefined,
AE77,item_220_Rose,undefined,
AE81,item_221_Stick,undefined,
AE8B,item_222_Sunflower,undefined,
AE95,item_223_Blue_Violet,undefined,
AE9F,item_224_Buttercup,undefined,
AEA9,item_225_Cow_Belle,undefined,
AEB3,item_226_Daffodil,undefined,
AEBD,item_227_Dandelion,undefined,
AEC7,item_228_Magnolia,undefined,
AED1,item_229_Pansy,undefined,
AEDB,item_230_Petunia,undefined,
AEE5,item_231_Regal_Rose,undefined,
AEEF,item_232_Snow_Orchid,undefined,
AEF9,item_233_White_Lily,undefined,
AF03,item_234_Alien_Flower,undefined,
AF0D,item_235_Sweet_Pinewood,undefined,
AF17,item_236_Hive_of_Fireflies,undefined,
AF21,item_237_Stick_Fish,undefined,
AF2B,item_238_Angel_Fish,undefined,
AF35,item_239_Blow_Fish,undefined,
AF3F,item_240_Cat_Fish,undefined,
AF49,item_241_Gold_Fish,undefined,
AF53,item_242_Jelly_Fish,undefined,
AF5D,item_243_Old_Boot,undefined,
AF67,item_244_Seaweed,undefined,
AF71,item_245_Old_Tire,undefined,
AF7B,item_246_Bbq_Bean,undefined,
AF85,item_247_Molten_Hot_Sauce,undefined,
AF8F,item_248_Magic_Plant,undefined,
AF99,item_249_Salt_Crystals,undefined,
AFA3,item_250_Soup_Stone,undefined,
AFAD,item_251_Tangy_Root,undefined,
AFB7,item_252_Dinosaur_Bone,undefined,
AFC1,item_253_Old_Trinket,undefined,
AFCB,item_254_Fossil,undefined,
AFD5,item_255_Gold_Coin,undefined,
AFDF,item_256_Old_Vase,undefined,
AFE9,item_257_Plastic_Box,undefined,
AFF3,item_258_Old_Bottle,undefined,
AFFD,item_259_Can,undefined,
B007,item_260_Piece_of_Trash,undefined,
B011,item_261_Wet_Stone,undefined,
B01B,item_262_Treasure_Chest,undefined,
B025,item_263_Garden_Book_1,undefined,
B02F,item_264_Garden_Book_2,undefined,
B039,item_265_Bag_o_Bucks,undefined,
B043,item_266_Large_Bag_o_Bucks,undefined,
B04D,item_267_Mystery_Bag,undefined,
B061,g_petAppearanceByPotionTable,PetAppearanceByPotion,
B066,g_petAppearanceByPotionTable_monkey,PetAppearanceByPotion,
B06B,g_petAppearanceByPotionTable_panda,PetAppearanceByPotion,
C8EA,g_scriptedQuestTable,ScriptedQuestEntry[39],
D15C,g_petPalettePresetTable,undefined2,
D1E0,g_soundEffectTable,undefined,
DAE7,g_isStationaryActor,undefined,
DAE8,g_poolEntrySpeciesId,undefined,
DAE9,g_speciesTextId,undefined,
DAEA,g_speciesDisplayNameId,undefined,
DAEB,g_npcInfoTable,AnimalEncounterRecord,
DAEB,Sooty,AnimalEncounterRecord,
DAEC,g_poolEntryStageId,,
DAED,g_speciesSpawnPosX,,
DAEE,g_speciesSpawnPosY,,
DAEF,g_speciesHaloRequirement,,
DAF0,g_speciesPitchforkRequirement,,
DAF1,g_speciesStarRequirement,,
DAF2,g_speciesLightbulbRequirement,,
DAF3,g_speciesBaseBefriendChance,,
DAF4,g_speciesWanderPathLoopFlag,,
DAF5,g_speciesWanderPathTable,,
DAF6,g_speciesDefaultFlags,,
DAFB,Chelsea,AnimalEncounterRecord,
DB0B,Molly,AnimalEncounterRecord,
DB1B,npc_290_Alex,AnimalEncounterRecord,
DB2B,npc_291_Chuck,AnimalEncounterRecord,
DB3B,npc_292_Chip,AnimalEncounterRecord,
DB4B,npc_293_Chloe,AnimalEncounterRecord,
DB5B,npc_294_Bo,AnimalEncounterRecord,
DB6B,npc_295_Ginger,AnimalEncounterRecord,
DB7B,npc_296_Sandy,AnimalEncounterRecord,
DB8B,npc_297_Sophie,AnimalEncounterRecord,
DB9B,npc_298_Jessie,AnimalEncounterRecord,
DBAB,npc_299_Sherri,AnimalEncounterRecord,
DBBB,npc_300_Lucy,AnimalEncounterRecord,
DBCB,npc_301_Lady,AnimalEncounterRecord,
DBDB,npc_302_Maggie,AnimalEncounterRecord,
DBEB,npc_303_Abby,AnimalEncounterRecord,
DBFB,npc_304_Fido,AnimalEncounterRecord,
DC0B,npc_305_CoCo,AnimalEncounterRecord,
DC1B,npc_306_Tex,AnimalEncounterRecord,
DC2B,npc_307_Jake,AnimalEncounterRecord,
DC3B,npc_308_Dunky,AnimalEncounterRecord,
DC4B,npc_309_Duke,AnimalEncounterRecord,
DC5B,npc_310_Shadow,AnimalEncounterRecord,
DC6B,npc_311_Peet,AnimalEncounterRecord,
DC7B,npc_312_Marty,AnimalEncounterRecord,
DC8B,npc_313_London,AnimalEncounterRecord,
DC9B,npc_314_Sadie,AnimalEncounterRecord,
DCAB,npc_315_Rusty,AnimalEncounterRecord,
DCBB,npc_316_Blain,AnimalEncounterRecord,
DCCB,npc_317_Daisy,AnimalEncounterRecord,
DCDB,npc_318_Zeke,AnimalEncounterRecord,
DCEB,npc_319_Sasha,AnimalEncounterRecord,
DCFB,npc_320_Topaz,AnimalEncounterRecord,
DD0B,npc_321_Haley,AnimalEncounterRecord,
DD1B,npc_322_Bailey,AnimalEncounterRecord,
DD2B,npc_323_Toby,AnimalEncounterRecord,
DD3B,npc_324_Duke,AnimalEncounterRecord,
DD4B,npc_325_Sparky,AnimalEncounterRecord,
DD5B,npc_326_Max,AnimalEncounterRecord,
DD6B,npc_327_Angel,AnimalEncounterRecord,
DD7B,npc_328_Kate,AnimalEncounterRecord,
DD8B,npc_329_Sassy,AnimalEncounterRecord,
DD9B,npc_330_Rocky,AnimalEncounterRecord,
DDAB,npc_331_Jasmine,AnimalEncounterRecord,
DDBB,npc_332_Cody,AnimalEncounterRecord,
DDCB,npc_333_Tasha,AnimalEncounterRecord,
DDDB,npc_334_Ben,AnimalEncounterRecord,
DDEB,npc_335_Baku,AnimalEncounterRecord,
DDFB,npc_336_Sensi,AnimalEncounterRecord,
DE0B,npc_337_Jupiter,AnimalEncounterRecord,
DE1B,npc_338_Alchemist_Jim,AnimalEncounterRecord,
DE2B,npc_339_Clem,AnimalEncounterRecord,
DE3B,npc_340_Buster,AnimalEncounterRecord,
DE4B,npc_341_Ol_Capn_Angler,AnimalEncounterRecord,
DE5B,npc_342_Capn_Bill,AnimalEncounterRecord,
DE6B,npc_343_Farmer_Green,AnimalEncounterRecord,
DE7B,npc_344_the_Giant,AnimalEncounterRecord,
DE8B,npc_345_Grizzly,AnimalEncounterRecord,
DE9B,npc_346_Trevor,AnimalEncounterRecord,
DEAB,npc_347_George,AnimalEncounterRecord,
DEBB,npc_348_Harvey,AnimalEncounterRecord,
DECB,npc_349_Chef_Jamba,AnimalEncounterRecord,
DEDB,npc_350_John_Weasel,AnimalEncounterRecord,
DEEB,npc_351_Madam_Gardenia,AnimalEncounterRecord,
DEFB,npc_352_Malady,AnimalEncounterRecord,
DF0B,npc_353_Mayor_Peter,AnimalEncounterRecord,
DF1B,npc_354_Donny,AnimalEncounterRecord,
DF2B,npc_355_Jeremy,AnimalEncounterRecord,
DF3B,npc_356_Pascal,AnimalEncounterRecord,
DF4B,npc_357_Grumpy,AnimalEncounterRecord,
DF5B,npc_358_Princess_Josephine,AnimalEncounterRecord,
DF6B,npc_359_Ranger_Rocko,AnimalEncounterRecord,
DF7B,npc_360_the_King,AnimalEncounterRecord,
DF8B,npc_361_the_Shaman,AnimalEncounterRecord,
DF9B,npc_362_Sammy,AnimalEncounterRecord,
DFAB,npc_363_Sheldon,AnimalEncounterRecord,
DFBB,npc_364_Snooty,AnimalEncounterRecord,
E047,g_scriptedAnimOffsetTable,undefined,
F971,g_stageTilemapBankTable,undefined,
FA5A,BootInitVars,undefined,
FA73,BootInitVars2,,
FA7E,HitPC_1980,,
FAEB,ReturnOneStub_00faeb,,
FB4B,PresentOneTimeEventMessage,,
130B8,TickMiniPetRoomInputAndStory,,
147CA,GetHeldScrollDirection,,
1481E,TickPetMoodIdleAnimation,,
14912,TickIdleBubbleAndSettleTimer,,
1497A,TickIdleSoundAndBubbleTimer,,
14C27,PlaySpriteAnimVariant_014c27,,
14C32,PlaySpriteAnimVariant_014c32,,
14CC1,PlaySpriteAnimVariant_014cc1,,
14D45,PlaySpriteAnimVariant_014d45,,
14DA4,PlaySpriteAnimVariant_014da4,,
14DFB,PlaySpriteAnimVariant_014dfb,,
14E61,PlaySpriteAnimVariant_014e61,,
14EF1,PlaySpriteAnimVariant_014ef1,,
14F54,PlaySpriteAnimVariant_014f54,,
14FCA,PlaySpriteAnimVariant_014fca,,
1507F,PlaySpriteAnimVariant_01507f,,
150CA,PlaySpriteAnimVariant_0150ca,,
15117,PlaySpriteAnimVariant_015117,,
15258,PlaySpriteAnimVariant_015258,,
152D7,PlaySpriteAnimVariant_0152d7,,
1532D,PlaySpriteAnimVariant_01532d,,
15333,PlaySpriteAnimVariant_015333,,
153A3,PlaySpriteAnimVariant_0153a3,,
15409,PlaySpriteAnimVariant_015409,,
15491,PlaySpriteAnimVariant_015491,,
15512,PlaySpriteAnimVariant_015512,,
1559F,ReturnZeroStub_01559f,,
155D7,PlaySpriteAnimVariant_0155d7,,
15663,PlaySpriteAnimVariant_015663,,
156DC,PlaySpriteAnimVariant_0156dc,,
15756,PetActionSequence_015756,,
15796,PetActionSequence_015796,,
1587C,PetActionSequence_01587c,,
159FA,PetActionSequence_0159fa,,
15AC8,PetActionSequence_015ac8,,
15D2E,PetActionSequence_015d2e,,
15E1A,PetActionSequence_015e1a,,
15E3E,PetActionSequence_015e3e,,
15F4B,ResetPetActionToIdle_015f4b,,
15F54,PetActionSequence_015f54,,
15FBA,PetActionSequence_015fba,,
16062,03fa5f,,
1607E,PetActionSequence_01607e,,
16143,PetActionSequence_016143,,
161B0,PetActionSequenceInit_0161b0,,
162C5,PetActionSequence_0162c5,,
16317,PetActionSequence_016317,,
1635B,PetActionSequence_01635b,,
16404,PetActionSequence_016404,,
1644B,PetActionSequence_01644b,,
1648C,PetActionSequence_01648c,,
164FF,PetActionSequence_0164ff,,
16552,PetActionSequence_016552,,
16733,PetActionSequence_016733,,
167D5,PetActionSequence_0167d5,,
168EF,PetActionSequence_0168ef,,
16A17,PetActionSequence_016a17,,
16B0B,PetActionSequence_016b0b,,
16C0A,PetActionSequence_016c0a,,
16D2C,AttemptTrickLevelVariant_016d2c,,
16DCF,AttemptTrickLevelVariant_016dcf,,
16E73,AttemptTrickLevelVariant_016e73,,
16F33,TrickEncounterSequence_016f33,,
170DC,TrickEncounterSequence_0170dc,,
1737A,TrickEncounterSequence_01737a,,
17529,TrickEncounterSequence_017529,,
177D0,TrickEncounterSequence_0177d0,,
179FD,TrickEncounterSequence_0179fd,,
17C91,IsElapsedTimeOverFourSeconds,,
17D39,PetActionSequence_017d39,,
17DA4,PetActionSequence_017da4,,
17E4C,PetActionSequence_017e4c,,
17E77,PetActionSequence_017e77,,
17F0C,PetActionSequence_017f0c,,
17F45,PetActionSequence_017f45,,
1804F,PetActionSequence_01804f,,
18C91,DispatchPetActionSequence,,
18EE0,RandomTableLookup_018ee0,,
18EEA,RandomTableLookupDispatch_018eea,,
190A0,NoOpStub_0190a0,,
191A4,LoadPetNameIfSlotOne_0191a4,,
191CB,FindStarterCandidateIndex,,
1920F,TickStarterSelectScroll,,
196D0,StartNextQuest,,
1975C,ShowQuestIntroDialogue,,
197E6,InitializeQuestObjectives,,
19CA0,DispatchQuestAdvanceChoice,,
19D8F,TickQuestState,,
19F6D,SpawnQuestBonusRewards,,
1A045,SpawnQuestItems_01a045,,
1A0E6,ShowQuestSpeciesDialogue,,
1A128,DispatchQuestRewardDialogue,,
1A1CF,SelectQuestGiftItemId,,
1A371,PickItemIdByIndex_01a371,,
1A418,FindCumulativeWeightIndex,,
1A878,ShowQuestIntroLineVariant_01a878,,
1A8BA,DispatchQuestDialogueLine,,
1A989,FormatStringFromParam_01a989,,
1A9B4,CopyStringFromParam_01a9b4,,
1AA05,CopyStringFromParam_01aa05,,
1AA8D,BuildQuestGiverLocationMessage,,
1AB09,GetTextIdByItemIndex_01ab09,,
1ABB6,BuildQuestDescriptionText,,
1ACD3,CopyStringFromParam_01acd3,,
1AD31,BuildQuestReminderMessage,,
1AE41,GetQuestContentPool_01ae41,,
1AE51,GetQuestTypeMode_01ae51,,
1B011,InitializeAreaProgressAndEvents,,
1BA30,DecodeTextResourceAt_01ba30,,
1BA38,DecodeTextResourceAt_01ba38,,
1BCB8,AllocateAndUploadPaletteEntry,,
1BD17,WaitForDmaCompletion,,
1BD56,CheckTableRangeForSentinel_01bd56,,
1BE13,FindAndReservePaletteRegion,,
1BF4B,EnterStoryResultActivity,,
1BF7C,TickIdleTimeoutShutdown,,
1BFEC,ClearSpriteEngineFrameFields,,
1C018,LoadSpriteAnimationFrame,,
1C253,ReturnOneStub_01c253,,
1C430,MoveTowardInteractableObject,,
1C6E6,FillScrollBackgroundTileRow,,
1CB79,ClearBitmaskEntry_01cb79,,
1CBCE,ClearBitmaskEntry_01cbce,,
1CD37,IntersectRectangles,,
1CF45,ResetPaletteBlendState,,
1CF7D,BuildPaletteBlendRamp,,
1D269,ReturnZeroStub_01d269,,
1D309,TickScreenDimmingBlend,,
1D3F7,GeneratePaletteBlendTableWrapper_01d3f7,,
1D4EA,EmitSpriteFrameEntries_01d4ea,,
1D56E,EmitSpriteFrameEntries_01d56e,,
1D630,EmitSpriteFrameEntries_01d630,,
1D6AF,EmitSpriteFrameEntries_01d6af,,
1D730,CommitSpriteFrameBuffer,,
1D80B,SampleAffineSpriteTexel,,
1D976,FetchRotatedSpritePixelIndex,,
1DAA2,RenderBackgroundScrollBuffer,,
1DD12,InitBackgroundScrollX,,
1DD31,ClearBackgroundScrollX,,
1DF0F,DrawOffsetTile_01df0f,,
1E014,TickActorIdleReactionState,,
1E147,AdvanceActorState_01e147,,
1E14E,TickActorPositiveReactionSequence,,
1E20D,TickActorGenericReactionSequence,,
1E2A2,TickActorNegativeReactionSequence,,
1E3BC,TickActorShockedReactionSequence,,
1E4BE,TickActorBubbleReactionSequence,,
1E5CE,InitBoredReactionState_01e5ce,,
1E604,TickActorReactionAnimSequence_01e604,,
1E661,TickActorEncounterExitSequence,,
1E6BD,TickActorTurnAndIdleSequence,,
1E763,TickActorSettleSequence,,
1E7DA,TickActorTaskCompletionSequence,,
1E859,InitRepeatingPoseState_01e859,,
1E873,TickActorRepeatingPoseSequence,,
1E952,TickActorSadReactionSequence,,
1EA3E,InitActorKindReactionState_01ea3e,,
1EA8B,TickActorEatingSequence,,
1EBA9,InitRefusalReactionState_01eba9,,
1EC0E,AdvanceActorState_01ec0e,,
1EC15,TickActorTrickReactionSequence,,
1F1EC,TickActorStepTowardBound_01f1ec,,
1F28A,TickActorStepTowardBound_01f28a,,
1F326,TickActorStepTowardBound_01f326,,
1F3AD,TickActorSpriteFrameSequence_01f3ad,,
1F434,TickActorAnimBusyGate_01f434,,
1F48C,InitIdleAnimFlagBState_01f48c,,
1F4D4,InitSettledIdleAnimState_01f4d4,,
1F528,InitScriptedIdleAnimState_01f528,,
1F535,TickActorDirectionalIdleSequence,,
1F5C5,InitIdleAnimFlagAState_01f5c5,,
1F5EE,ResetSentinelFlag_01f5ee,,
1F634,ParseUnsignedInt,,
1F67E,DispatchIntFormatConversion_01f67e,,
1F684,FormatIntArgumentVariant_01f684,,
1F6A0,FormatIntArgumentVariant_01f6a0,,
1FEFE,CommitPendingWritesOnClose,,
2C5F8,TickPetEatingPoseAnimation,,
2C6B0,TickInventoryMenuLoop,,
2D0FD,DrawItemIconAtSlot,,
2D104,DrawItemIconWithOverlay,,
2D442,ReturnOneStub_02d442,,
2D582,ReturnZeroStub_02d582,,
2D6E9,ApplyStatBoostItemEffect_02d6e9,,
2DC50,ApplyItemStatEffect_02dc50,,
2DF77,BuildItemPurchaseDialogue,,
2E16F,ApplyItemPurchaseTransaction,,
2E376,FindCategoryIndexInTable_02e376,,
2E3DE,RebalanceItemWeightTable,,
2E4D1,WriteSaveSlotData,,
2E53D,ReadSaveSlotHeaderBits_02e53d,,
2E5A1,ReadSaveSlotDataBlock,,
2E5F3,WriteSaveSlotDataVariant_02e5f3,,
2E702,TickSlotReelGame_02e702,,
2E98F,TickMatchingPairsGame,,
2EC9C,TickMatchingPairsGame_02ec9c,,
2F257,TickGuessingGame,,
2F621,ShuffleGridSlotsRandomly_02f621,,
2F71C,RenderGuessGridPeg_02f71c,,
2F766,DrawGuessFeedbackPegs,,
2F829,ShuffleUniqueValueSet,,
2FB08,LoadCameraTileBoundary,,
2FDCE,RenderBackgroundScrollBuffer_02fdce,,
3B8CE,TickGameStateDispatcher,,
3BA7C,InitializeNewGameStats,,
3BD03,LoadHouseChoiceFromSave_03bd03,,
3BDC9,TickFloatTimerSequence_03bdc9,,
3C029,TickInfoPanel_03c029,,
3C11F,TickStarterColorSelectScreen_03c11f,,
3C3D8,TickPetRoomGameplayLoop_03c3d8,,
3C801,GetMenuTextPointer_03c801,,
3C81C,ReturnVoidStub_03c81c,,
3C91B,TickDrawSlotSpritesLoop_03c91b,,
3C966,ReturnVoidStub_03c966,,
3C978,ReturnZeroStub_03c978,,
3C9E5,ClearTestModeFlag_03c9e5,,
3CA2E,DispatchActorTickByState_03ca2e,,
3CB56,SpawnActiveInstance_03cb56,,
3CC72,SpawnEncounterAnimal_03cc72,,
3D2F0,DrawActiveInstanceTypeA_03d2f0,,
3D457,PlayActorIdleAnim_03d457,,
3D5A5,LookupTableValue_03d5a5,,
3D5CF,LookupTableValue_03d5cf,,
3D61F,ClearInstanceFlag15_03d61f,,
3D668,ClearInstanceFlagLoop_03d668,,
3D6A0,GetSpriteTileWidth_03d6a0,,
3D6CA,GetSpeciesStarterItemId_03d6ca,,
3D6D8,GetItemBySpecies_03d6d8,,
3D7F5,ReturnZeroStub_03d7f5,,
3D85C,ClearInstanceFlag8_03d85c,,
3D8A0,ClearInstanceFlag1_03d8a0,,
3D8E4,ClearInstanceFlag0_03d8e4,,
3D90C,GetSpeciesStarterHouseId_03d90c,,
3D91A,GetInstanceProperty_03d91a,,
3D9F0,DrawGridTypeB_03d9f0,,
3DA0B,DrawGridTypeC_03da0b,,
3E01C,TickNewGameIntroSequence_03e01c,,
3E021,TickNewGameIntroSequence_03e021,,
3E461,TickSaveCorruptRestore_03e461,,
3E7F2,ReturnVoidStub_03e7f2,,
3E8C2,TickPetMinigameReaction_03e8c2,,
3F595,ReturnVoidStub_03f595,,
3F69E,SpawnRandomEventItems_03f69e,,
3FB0B,InitializeEventSystem_03fb0b,,
3FCF8,QueueEventMapMarkers_03fcf8,,
3FFA0,ArrayShiftHelper_03ffa0,,
4539E,WrapListIndex_04539e,,
453BD,MoveListSelectionDown_0453bd,,
453E9,GetConstant9AE_0453e9,,
45403,GetConstantByMode_045403,,
45438,ReturnVoidStub_045438,,
45483,DrawTextBoxA_045483,,
454A6,DrawTextBoxB_0454a6,,
45530,TickButtonTestScreen_045530,,
45705,SoundTestPlaySound_045705,,
4584C,TickSoundTestScreen_04584c,,
459B5,TickHardwareTestScreen_0459b5,,
45B2C,TickChecksumTestScreen_045b2c,,
45CCA,TickHandheldLinkTestScreen_045cca,,
45D3F,ReturnVoidStub_045d3f,,
45DEE,TickDiagnosticMenu_045dee,,
45F36,PlayMiniPetAnimWrapper_045f36,,
45F50,GetMiniPetTrailFreeSpace_045f50,,
45F72,PlayMiniPetIdleAnimWrapper_045f72,,
45F95,PlayMiniPetFoundItemReaction_045f95,,
4608A,PlayMiniPetNoItemReaction_04608a,,
461CC,SetMiniPetRoomId_0461cc,,
46217,PlayMiniPetSound_046217,,
46271,TickMiniPetBehavior_046271,,
4640E,TickMiniPetAnimA_04640e,,
46421,TickMiniPetAnimB_046421,,
464FC,DrawMiniPetSpriteA_0464fc,,
46581,DrawMiniPetSpriteB_046581,,
46636,PlayMiniPetFoundItemAnimIntro_046636,,
4670B,PlayMiniPetFoundItemAnimMain_04670b,,
4678F,PlayMiniPetNoItemAnimIntro_04678f,,
46811,PlayMiniPetNoItemAnimMain_046811,,
4688F,PlayMiniPetAnimC_04688f,,
4690C,PlayMiniPetAnimD_04690c,,
4694F,PlayMiniPetAnimE_04694f,,
469DE,GetMiniPetTileWidth_0469de,,
469E9,ReturnZeroStub_0469e9,,
46A83,SetLinkPacketReady_046a83,,
46E19,ProcessLinkProtocolA_046e19,,
46E78,ProcessLinkProtocolB_046e78,,
46F9E,CopyLinkData_046f9e,,
47033,ValidateLinkPacketType_047033,,
47265,BackupLinkData_047265,,
47435,LinkProtocolTransferBytes_047435,,
475AF,CopyStructB_0475af,,
4761F,DrawUIMenuA_04761f,,
476B1,SetMiniPetConnectState3_0476b1,,
47706,TickMiniPetConnectSequence_047706,,
479C4,DrawAnimalQuestInfo_0479c4,,
479EA,DrawAnimalQuestInfoB_0479ea,,
47D32,HaltUnimplemented_047d32,,
47E69,GetAreaSpawnCoords_047e69,,
48349,BigNumHelper_048349,,
48985,AddMiniPetHalos_048985,,
4898F,AddMiniPetStat_04898f,,
48AD6,ClampNegativeToZero_048ad6,,
48B46,GetActionIdA_048b46,,
48C03,GetActionIdB_048c03,,
48D63,GetActionIdC_048d63,,
48DAD,GetHungerThreshold_048dad,,
48E06,TickStatsScreen_048e06,,
491D4,LoadStats_0491d4,,
497B6,IterateAndAccumulateA_0497b6,,
49AE1,SetUIThemeA_049ae1,,
49AF2,GetUIThemeValueA_049af2,,
49B0D,SetUIThemeB_049b0d,,
49BE5,GetUIThemeValueB_049be5,,
49BF2,SetUIThemeC_049bf2,,
49C0D,SetUIThemeD_049c0d,,
49D73,SpawnBubble_049d73,,
49DA5,SpawnBubbleLoop_049da5,,
49DC4,ReturnZeroStub_049dc4,,
4A11F,DrawBubbleSpriteA_04a11f,,
4A224,DrawBubbleSpriteB_04a224,,
4A2EA,GetBubblePropertyA_04a2ea,,
4A334,InitTrickMenuState_04a334,,
4A7D6,PlayTrickAnimA_04a7d6,,
4A80B,PlayTrickAnimB_04a80b,,
4A835,SetPetBusyStateTrickDone_04a835,,
4A839,TriggerTrickSound_04a839,,
4A933,TickTrickAnimation_04a933,,
4A99E,RenderTrickMenuOverlay_04a99e,,
4AB9E,TickPetRoomGameplayLoopB_04ab9e,,
4B09C,RenderWorldItemsA_04b09c,,
4B167,RenderWorldItemsB_04b167,,
4B28D,ReturnVoidStub_04b28d,,
4B2C2,ReturnVoidStub_04b2c2,,
4B3A4,ConcatBytesA_04b3a4,,
4B3C2,SoundSequencerHandleNoteOn_04b3c2,,
4BA1F,FindNextSomething_04ba1f,,
4BCE2,InitMatrix_04bce2,,
4BF36,GetValueA_04bf36,,
4BF53,CalculateValueB_04bf53,,
4BFDB,ResumeSpriteSlotA_04bfdb,,
4C016,ResumeSpriteSlotB_04c016,,
4C1CD,ResumeActiveSpriteSlot_04c1cd,,
4C1F1,ReturnZeroStub_04c1f1,,
4C228,IterateSpriteSlotArray_04c228,,
4C301,CheckSpriteSlotLimit_04c301,,
4C3A2,DrawMatrixA_04c3a2,,
4C49E,CopyMatrixA_04c49e,,
4C4EA,InitMatrixB_04c4ea,,
4C52A,ParseTextNodesA_04c52a,,
4C8BE,ParseTextNodesB_04c8be,,
4CD76,TickCareStatWatchdog_04cd76,,
4D37F,HandleNameEntryCursor_04d37f,,
4D450,HandleNameEntrySelect_04d450,,
4D5CF,FloatMathHelper_04d5cf,,
4D696,SoundChannelUpdateFrequency_04d696,,
4D703,FadeMusicVolumeIn_04d703,,
4D711,FadeMusicVolumeOut_04d711,,
4D8BC,CheckLimitA_04d8bc,,
4D9FC,FloatMathWaitLoop_04d9fc,,
4DC4E,ReturnZeroStub_04dc4e,,
4DC9B,InitSpriteAnimStruct_04dc9b,,
4DD44,ToggleRedrawFlag_04dd44,,
4DDF0,DrawSpriteExtA_04ddf0,,
4DEF7,Return1Stub_04def7,,
4DFC8,UpdateAnimFrameB_04dfc8,,
4E07B,UpdateAnimFrameC_04e07b,,
4E14A,UpdateAnimFrameD_04e14a,,
4E3E0,CheckSaveBitsB_04e3e0,,
4E557,GetIndexPtrA_04e557,,
4E8EF,EepromWriteBitB_04e8ef,,
4E919,ReturnZeroStub_04e919,,
4EA5C,EepromWriteDisableWrapper_04ea5c,,
4EA91,Return1Stub_04ea91,,
4EADE,InitEepromPins_04eade,,
4EC39,ScrollViewportLeft_04ec39,,
4ED21,DrawInventoryUI_04ed21,,
4EDD1,LoadStatsScreenData_04edd1,,
4EE3F,DrawStatsScreenValues_04ee3f,,
4EECA,HandleMenuInput_04eeca,,
4EFDA,ReturnZeroStub_04efda,,
4EFEF,ReturnZeroStub_04efef,,
4F079,CheckIndexLimit_04f079,,
4F0FE,CheckSaveValid_04f0fe,,
4F1A3,CombineBits_04f1a3,,
4F2FE,TitleScreenCreateOrLoadLoop_04f2fe,,
4F351,ReturnVoidStub_04f351,,
4F959,FormatArgumentWrapper_04f959,,
