word_address,name,size_words,signature
00F94E,IrqHandlerVideo,42,undefined8 IrqHandlerVideo(void)
00F966,IrqHandlerAudio,14,undefined IrqHandlerAudio(void)
00FA72,ResetVector,44,undefined ResetVector(void)
00FAC7,InitOneTimeEvents,22,undefined InitOneTimeEvents(void)
00FAD2,IsFirstTimeEvent,56,undefined2 IsFirstTimeEvent(undefined2 p0)
00FAEE,MarkAnimalFirstEncounterShown,44,undefined2 MarkAnimalFirstEncounterShown(undefined2 p0)
00FB04,SetOneTimeEventsEnabled,16,undefined2 SetOneTimeEventsEnabled(undefined2 p0)
00FB0C,GetOneTimeEventsEnabled,14,undefined2 GetOneTimeEventsEnabled(void)
00FB13,ShowOneTimeEventMessage,198,"undefined ShowOneTimeEventMessage(int param_1, undefined2 param_2)"
00FB76,LoadOneTimeEventFlags,44,undefined LoadOneTimeEventFlags(void)
00FB8C,SaveOneTimeEventFlags,148,undefined SaveOneTimeEventFlags(void)
00FBD6,Multiply16x16Wrapper,18,undefined4 Multiply16x16Wrapper(void)
00FBDF,Multiply32Composite,60,undefined4 Multiply32Composite(void)
013004,InitPetReactionSession,90,"undefined2 InitPetReactionSession(undefined2 p0, undefined2 p1)"
013031,TakeItemsFromMiniPet_Yes,42,undefined2 TakeItemsFromMiniPet_Yes(undefined2 p0)
013046,TakeItemsFromMiniPet_No,40,undefined2 TakeItemsFromMiniPet_No(undefined2 p0)
01305A,PromptTakeItemsFromMiniPet,96,undefined2 PromptTakeItemsFromMiniPet(undefined2 p0)
01308A,HandlePetStageEvents,104,"undefined HandlePetStageEvents(int * unaff_retaddr, int param_2, int * param_3, int * param_4)"
0130BE,HandleMiniPetRoomInputAndStoryLogic,2276,undefined HandleMiniPetRoomInputAndStoryLogic(void)
013530,StoryProgression_EntryStub,44,undefined StoryProgression_EntryStub(void)
013546,ProcessStoryModeObjectInteraction,8372,undefined ProcessStoryModeObjectInteraction(void)
0145A0,MiniPet_HandleOverworldInput,808,undefined MiniPet_HandleOverworldInput(void)
014734,HandlePlayerAction_PlayBusyFeedback,18,undefined HandlePlayerAction_PlayBusyFeedback(void)
01473D,MiniPet_HandlePowerButtonReset,24,undefined MiniPet_HandlePowerButtonReset(void)
014749,MiniPet_HandlePowerButtonReset_Feeding,24,undefined MiniPet_HandlePowerButtonReset_Feeding(void)
014755,MiniPet_CommitScrollAndCheckEncounter,132,void MiniPet_CommitScrollAndCheckEncounter(void)
014797,ResetScrollStateAndSettleIdle,78,undefined2 ResetScrollStateAndSettleIdle(undefined2 p0)
0147BE,GetActiveScrollDirection,66,undefined2 GetActiveScrollDirection(void)
0147DF,TickPlayerActorIdleBehavior,408,undefined2 TickPlayerActorIdleBehavior(undefined2 p0)
0148AB,TickCameraScrollOrIdle,76,undefined2 TickCameraScrollOrIdle(undefined2 p0)
0148D1,DriveIdleBehaviorUpdate,14,undefined DriveIdleBehaviorUpdate(void)
0148D8,UpdateIdleBehaviorTick,682,undefined2 UpdateIdleBehaviorTick(undefined2 p0)
014A2D,TickIdleTimerVariant_014a2d,560,undefined TickIdleTimerVariant_014a2d(void)
014B45,DrawSpriteIfOnScreen,180,undefined2 DrawSpriteIfOnScreen(undefined2 p0)
014B9F,DrawEntitySpriteWithShadow,126,undefined DrawEntitySpriteWithShadow(void)
014BDE,UpdateActorSpriteFrame,344,undefined2 UpdateActorSpriteFrame(undefined2 p0)
014C8A,PlayIdleAnim_Scripted,292,undefined2 PlayIdleAnim_Scripted(undefined2 p0)
014D1C,PlayIdleAnim_FlagB,190,undefined2 PlayIdleAnim_FlagB(undefined2 p0)
014D7B,PlayIdleAnim_FlagA,174,undefined2 PlayIdleAnim_FlagA(undefined2 p0)
014DD2,PlaySettledIdleAnim,190,undefined2 PlaySettledIdleAnim(undefined2 p0)
014E31,PlayTrickAnimVariant,204,undefined2 PlayTrickAnimVariant(undefined2 p0)
014E97,PlayReactionAnim,98,undefined2 PlayReactionAnim(undefined2 p0)
014EC8,TryPlayTrickAnimVariant,198,undefined2 TryPlayTrickAnimVariant(undefined2 p0)
014F2B,PlayReactionAnim_State2,214,undefined2 PlayReactionAnim_State2(undefined2 p0)
014F96,PlayActorIdleAnimation,290,undefined2 PlayActorIdleAnimation(undefined2 p0)
015027,PlayTaskAnimationVariant,104,undefined2 PlayTaskAnimationVariant(undefined2 p0)
01505B,PlayActorReactionAnimation,150,undefined2 PlayActorReactionAnimation(undefined2 p0)
0150A6,PlayActorActionAnimation,150,undefined2 PlayActorActionAnimation(undefined2 p0)
0150F1,PlayDirectionalIdleAnim,166,undefined2 PlayDirectionalIdleAnim(undefined2 p0)
015144,PlayTurnAroundIdleAnim,120,undefined2 PlayTurnAroundIdleAnim(undefined2 p0)
015180,PlayEncounterExitAnim,106,undefined2 PlayEncounterExitAnim(undefined2 p0)
0151B5,TriggerActorSpawnEffect,146,undefined2 TriggerActorSpawnEffect(undefined2 p0)
0151FE,UpdateActorSpriteFrame2,106,undefined2 UpdateActorSpriteFrame2(undefined2 p0)
015233,PlayEatingAnim,152,undefined2 PlayEatingAnim(undefined2 p0)
01527F,PlayReactionAnimForActorKind,104,void PlayReactionAnimForActorKind(int * actor)
0152B3,PlayBoredReactionAnim,150,undefined2 PlayBoredReactionAnim(undefined2 p0)
0152FE,PlayNegativeReactionAnimVariant,244,undefined2 PlayNegativeReactionAnimVariant(undefined2 p0)
015378,PlayNegativeReactionAnimVariant2,188,undefined2 PlayNegativeReactionAnimVariant2(undefined2 p0)
0153D6,PlayPositiveReactionAnimVariant,280,undefined2 PlayPositiveReactionAnimVariant(undefined2 p0)
015462,SelectAndPlayReactionAnim,282,undefined2 SelectAndPlayReactionAnim(undefined2 p0)
0154EF,PlayRefusalReactionAnim,148,void PlayRefusalReactionAnim(int * actor)
015539,TriggerRepeatingPoseAnim,104,undefined2 TriggerRepeatingPoseAnim(undefined2 p0)
01556D,GateSingleShotPoseAnim,108,undefined2 GateSingleShotPoseAnim(undefined2 p0)
0155A3,SelectAndPlayEmoteAnim,290,undefined2 SelectAndPlayEmoteAnim(undefined2 p0)
015634,PlayShockedReactionAnim,264,undefined2 PlayShockedReactionAnim(undefined2 p0)
0156B8,PlaySadReactionAnim,150,undefined2 PlaySadReactionAnim(undefined2 p0)
015703,StartPetActivity,94,undefined2 StartPetActivity(undefined2 p0)
015732,WalkToTargetAndReact,140,undefined2 WalkToTargetAndReact(undefined2 p0)
015778,Pet_WalkOutAndBack,460,undefined2 Pet_WalkOutAndBack(undefined2 p0)
01585E,Pet_RepeatedTrickWithOddsCheck,770,undefined2 Pet_RepeatedTrickWithOddsCheck(undefined2 p0)
0159DF,TickIdleTimeoutSleepSequence,416,undefined TickIdleTimeoutSleepSequence(void)
015AAF,EmptyStub_015aaf,4,undefined EmptyStub_015aaf(void)
015AB1,Pet_RepeatedTrickWithDialogue,1196,undefined2 Pet_RepeatedTrickWithDialogue(undefined2 p0)
015D07,TickFeedReactionSequence,310,undefined2 TickFeedReactionSequence(undefined2 p0)
015DA2,HandlePetWashInteraction,620,void HandlePetWashInteraction(undefined2 * param_1)
015ED8,HandleCureIllnessEncounter,392,undefined2 HandleCureIllnessEncounter(undefined2 p0)
015F9C,TickMiniPetCartridgeCheckSequence,232,undefined2 TickMiniPetCartridgeCheckSequence(undefined2 p0)
016010,Pet_WaitThenReset,70,undefined2 Pet_WaitThenReset(undefined2 p0)
016033,WaitFacingThenReactAndReset,90,undefined2 WaitFacingThenReactAndReset(undefined2 p0)
016060,PlayDigForItemRoutine,394,undefined2 PlayDigForItemRoutine(undefined2 p0)
016125,TickActor_EncounterReactionSequence,132,undefined2 TickActor_EncounterReactionSequence(undefined2 p0)
016167,TickActor_WildAnimalEncounterSequence,182,undefined2 TickActor_WildAnimalEncounterSequence(undefined2 p0)
0161C2,PetActionSequenceInit_0161c2,120,undefined PetActionSequenceInit_0161c2(void)
0161FE,PetActionSequence_0161fe,104,undefined PetActionSequence_0161fe(void)
016232,Pet_SettleOrInterrupt,108,undefined2 Pet_SettleOrInterrupt(undefined2 p0)
016268,PetActionSequence_016268,68,undefined PetActionSequence_016268(void)
01628A,TickActor_NegativeEncounterSequence,196,undefined2 TickActor_NegativeEncounterSequence(undefined2 p0)
0162EC,TickActor_PositiveEncounterSequence,162,undefined2 TickActor_PositiveEncounterSequence(undefined2 p0)
01633D,TickActor_RefusalEncounterSequence,320,undefined2 TickActor_RefusalEncounterSequence(undefined2 p0)
0163DD,TickActor_EncounterSequenceVariant_Unconfirmed,152,undefined2 TickActor_EncounterSequenceVariant_Unconfirmed(undefined2 p0)
016429,TickActor_SadEncounterSequence,138,undefined2 TickActor_SadEncounterSequence(undefined2 p0)
01646E,TickActor_ShockedEncounterSequence,128,undefined2 TickActor_ShockedEncounterSequence(undefined2 p0)
0164AE,TickActor_BefriendReactionBubbleSequence,70,undefined2 TickActor_BefriendReactionBubbleSequence(undefined2 p0)
0164D1,TickActor_BoredEncounterSequence,160,undefined2 TickActor_BoredEncounterSequence(undefined2 p0)
016521,RunAnimalBefriendEncounter,960,undefined2 RunAnimalBefriendEncounter(undefined2 p0)
016701,TickActor_BefriendSuccessRewardSequence,364,undefined2 TickActor_BefriendSuccessRewardSequence(undefined2 p0)
0167B7,TickActor_NPCScatteredItemRewardSequence,550,undefined2 TickActor_NPCScatteredItemRewardSequence(undefined2 p0)
0168CA,TickActor_MiniPetFoundItemSequence,592,undefined2 TickActor_MiniPetFoundItemSequence(undefined2 p0)
0169F2,TickActor_MiniPetFoundItemSequence2,488,undefined2 TickActor_MiniPetFoundItemSequence2(undefined2 p0)
016AE6,TickActor_MiniPetFoundItemSequence3,510,undefined2 TickActor_MiniPetFoundItemSequence3(undefined2 p0)
016BE5,HandleMiniPetGiftSequence,592,void HandleMiniPetGiftSequence(void)
016D0D,AttemptTrickLevel1,328,undefined2 AttemptTrickLevel1(undefined2 p0)
016DB1,AttemptTrickLevel2,326,undefined2 AttemptTrickLevel2(undefined2 p0)
016E54,AttemptTrickLevel3,328,undefined2 AttemptTrickLevel3(undefined2 p0)
016EF8,TickLearnTrickEncounterSequence,850,undefined2 TickLearnTrickEncounterSequence(undefined2 p0)
0170A1,TickTrickLearnedSuccessSequence,1340,undefined2 TickTrickLearnedSuccessSequence(undefined2 p0)
01733F,TickLearnTrickEncounterSequence2,868,undefined2 TickLearnTrickEncounterSequence2(undefined2 p0)
0174F1,TickTrickLearnedSuccessSequence2,1352,undefined2 TickTrickLearnedSuccessSequence2(undefined2 p0)
017795,TickLearnTrickEncounterSequence3,1120,undefined2 TickLearnTrickEncounterSequence3(undefined2 p0)
0179C5,TickTrickLearnedSuccessSequence3,1352,undefined2 TickTrickLearnedSuccessSequence3(undefined2 p0)
017C69,RestartAnimalIdleTimer,26,undefined RestartAnimalIdleTimer(void)
017C76,HasIdleTimerElapsed,178,uint HasIdleTimerElapsed(void)
017CCF,PetActionSequence_017ccf,168,undefined PetActionSequence_017ccf(int param_1)
017D23,UpdateIllnessStatusIcon,122,undefined2 UpdateIllnessStatusIcon(undefined2 p0)
017D60,PlayRandomMinigame,398,undefined2 PlayRandomMinigame(undefined2 p0)
017E27,TickFirstAnimalEncounterSequence,368,undefined2 TickFirstAnimalEncounterSequence(undefined2 p0)
017EDF,GrantFriendship,546,"undefined GrantFriendship(undefined2 param_1, undefined2 param_2, int param_3)"
017FF0,TryBefriendAnimal,338,undefined TryBefriendAnimal(undefined2 * param_1)
018099,PetActionSequence_018099,60,undefined PetActionSequence_018099(void)
0180B7,PetActionSequence_0180b7,1058,undefined PetActionSequence_0180b7(void)
0182C8,PetActionSequence_0182c8,210,undefined PetActionSequence_0182c8(void)
018331,ShowAnimalBefriendDialogue,158,undefined ShowAnimalBefriendDialogue(void)
018380,StartAnimalEncounter,10,undefined StartAnimalEncounter(void)
018385,UpdateAnimalEncounter,4084,undefined UpdateAnimalEncounter(void)
018B7F,StartBefriendSuccessActivity,38,undefined StartBefriendSuccessActivity(void)
018B92,RollAnimalBefriendChance,158,undefined RollAnimalBefriendChance(void)
018BE1,UpdateAnimalEncounterSequence,306,undefined UpdateAnimalEncounterSequence(void)
018C7A,EmptyStub_018c7a,2,undefined EmptyStub_018c7a(void)
018C7B,Pet_RunCurrentAction,960,undefined2 Pet_RunCurrentAction(undefined2 p0)
018E5B,IsDecorationCheckSuppressed,28,bool IsDecorationCheckSuppressed(void)
018E69,GetActorStatusFlag,14,undefined2 GetActorStatusFlag(void)
018E70,PlaySoundFromCategory,64,undefined2 PlaySoundFromCategory(undefined2 p0)
018E90,IsCategorySoundActive,40,undefined2 IsCategorySoundActive(undefined2 p0)
018EA4,GetCameraScrollX,14,undefined2 GetCameraScrollX(void)
018EAB,GetCameraScrollY,14,undefined2 GetCameraScrollY(void)
018EB2,SetCameraScrollXY,28,undefined2 SetCameraScrollXY(undefined2 p0)
018EC0,GetCameraScrollPtr,14,undefined2 GetCameraScrollPtr(void)
018EC7,RollStarterColorFromTable,186,undefined2 RollStarterColorFromTable(undefined2 p0)
018F24,InitPetName,42,undefined2 InitPetName(undefined2 p0)
018F39,SetPetDisplayAppearanceId,16,undefined2 SetPetDisplayAppearanceId(undefined2 p0)
018F41,GetPetName,14,undefined2 GetPetName(void)
018F48,PollDirectionalInputAndTickIdle,76,undefined2 PollDirectionalInputAndTickIdle(undefined2 p0)
018F6E,LaunchThreeInARowGame,196,undefined2 LaunchThreeInARowGame(undefined2 p0)
018FD0,PayEntryFeeForThreeInARow,196,undefined2 PayEntryFeeForThreeInARow(undefined2 p0)
019032,LaunchMemoryMatchGame,128,undefined2 LaunchMemoryMatchGame(undefined2 p0)
019072,OpenInventoryScreen,52,undefined2 OpenInventoryScreen(undefined2 p0)
01908C,ClearActiveIdleBubble,16,undefined ClearActiveIdleBubble(void)
019094,MapStoryStageToShopCatalogueIndex,318,undefined2 MapStoryStageToShopCatalogueIndex(undefined2 p0)
019133,SavePetNameToSlot,148,undefined SavePetNameToSlot(void)
01917D,LoadPetNameFromSave,122,undefined2 LoadPetNameFromSave(undefined2 p0)
0191BA,ResyncStarterCandidateIndex,140,undefined ResyncStarterCandidateIndex(void)
019200,ScrollStarterCandidateSelection,394,undefined ScrollStarterCandidateSelection(void)
0192C5,InitQuestOrEventTable,144,undefined InitQuestOrEventTable(void)
01930D,SetItemOfferedFlag,40,undefined2 SetItemOfferedFlag(undefined2 p0)
019321,HasItemBeenOffered,42,undefined2 HasItemBeenOffered(undefined2 p0)
019336,SetLegacyFlag,40,undefined2 SetLegacyFlag(undefined2 p0)
01934A,IsLegacyFlagSet,42,undefined2 IsLegacyFlagSet(undefined2 p0)
01935F,SetEventTriggeredFlag,90,undefined2 SetEventTriggeredFlag(undefined2 p0)
01938C,HasEventBeenTriggered,86,undefined2 HasEventBeenTriggered(undefined2 p0)
0193B7,MigrateLegacyFlagsToProgressBits,468,undefined MigrateLegacyFlagsToProgressBits(void)
0194A1,MigrateItemOfferedFlagsToProgressBits,468,undefined MigrateItemOfferedFlagsToProgressBits(void)
01958B,CountLegacyFlagsSet,68,undefined2 CountLegacyFlagsSet(void)
0195AD,CountItemOfferedFlagsSet,68,undefined2 CountItemOfferedFlagsSet(void)
0195CF,DrawQuestRewardHud,76,undefined2 DrawQuestRewardHud(undefined2 p0)
0195F5,DrawQuestObjectiveRows,212,undefined DrawQuestObjectiveRows(void)
01965F,DrawQuestTimerDisplay,186,undefined DrawQuestTimerDisplay(void)
0196BC,LoadScriptedQuestData,252,void LoadScriptedQuestData(void)
01973A,ShowQuestIntroDialogue,218,undefined ShowQuestIntroDialogue(void)
0197A7,StartQuestTimer,36,undefined StartQuestTimer(void)
0197B9,ProcessQuestTurnIn,1864,undefined2 ProcessQuestTurnIn(undefined2 p0)
019B5D,InitiateQuestRewardSequence,56,undefined2 InitiateQuestRewardSequence(undefined2 p0)
019B79,HandleQuestNPCInteraction,52,undefined2 HandleQuestNPCInteraction(void)
019B93,CheckAndCompleteQuestTurnIn,478,undefined2 CheckAndCompleteQuestTurnIn(void)
019C82,StartQuestRewardActivity,240,undefined2 StartQuestRewardActivity(undefined2 p0)
019CFA,CheckQuestItemObjectivesComplete,42,undefined CheckQuestItemObjectivesComplete(void)
019D0F,UpdateQuestItemsReadyFlag,122,undefined UpdateQuestItemsReadyFlag(void)
019D4C,TickQuestProgressCheck,998,undefined TickQuestProgressCheck(int * param_1)
019F3F,SpawnScatteredItemCluster,446,undefined SpawnScatteredItemCluster(void)
01A01E,SpawnQuestItemsInWorld,290,undefined SpawnQuestItemsInWorld(void)
01A0AF,AdvanceToNextQuestSequence,254,undefined AdvanceToNextQuestSequence(int param_1)
01A12E,GateFirstQuestRewardCall,58,undefined GateFirstQuestRewardCall(void)
01A14B,LoadNextQuestOrShowHint,184,undefined LoadNextQuestOrShowHint(void)
01A1A7,PickQuestRewardItem,730,undefined2 PickQuestRewardItem(undefined2 p0)
01A314,PickMode7RewardItem,66,undefined2 PickMode7RewardItem(void)
01A335,PickMode3RewardItem,78,undefined2 PickMode3RewardItem(void)
01A35C,PickMode2RewardItem,176,undefined2 PickMode2RewardItem(undefined2 p0)
01A3B4,PickMode6RewardItem,118,undefined2 PickMode6RewardItem(void)
01A3EF,PickWeightedRandomItem,98,undefined PickWeightedRandomItem(void)
01A420,NoOpStub_01a420,6,undefined NoOpStub_01a420(void)
01A423,PickRandomRewardItem,42,undefined2 PickRandomRewardItem(undefined2 p0)
01A438,PickRandomUnlockedAreaTier,210,int PickRandomUnlockedAreaTier(void)
01A4A1,RollQuestProgressGatedValue,148,undefined2 RollQuestProgressGatedValue(void)
01A4EB,RollNextQuest,48,undefined RollNextQuest(void)
01A503,GenerateQuestParameters,1378,undefined GenerateQuestParameters(void)
01A7B4,GetQuestTargetSpeciesId,14,undefined2 GetQuestTargetSpeciesId(void)
01A7BB,GetActiveContentPoolEntry,14,undefined2 GetActiveContentPoolEntry(void)
01A7C2,GetQuestPhase,14,undefined2 GetQuestPhase(void)
01A7C9,ProcessQuestTurnIn_Wrapper,24,undefined2 ProcessQuestTurnIn_Wrapper(undefined2 p0)
01A82B,ShowQuestOfferDialogue,658,undefined ShowQuestOfferDialogue(int pQuestStruct)
01A974,GetRandomQuestIntroLine,80,undefined2 GetRandomQuestIntroLine(undefined2 p0)
01A99C,GetQuestReminderDialogue,162,undefined2 GetQuestReminderDialogue(undefined2 p0)
01A9ED,GetQuestCompleteDialogue,162,undefined2 GetQuestCompleteDialogue(undefined2 p0)
01AA3E,BuildNextQuestHintMessage,380,undefined2 BuildNextQuestHintMessage(undefined2 p0)
01AAFC,GetIllnessDescriptionText,206,undefined2 GetIllnessDescriptionText(undefined2 p0)
01AB63,GetItemDisplayName,24,undefined2 GetItemDisplayName(undefined2 p0)
01AB6F,GetQuestRequestDialogue,670,undefined2 GetQuestRequestDialogue(undefined2 p0)
01ACBE,CopyRandomQuestRequestLine,80,undefined2 CopyRandomQuestRequestLine(undefined2 p0)
01ACE6,BuildQuestStatusText,654,undefined2 BuildQuestStatusText(undefined2 p0)
01AE2D,GetTotalQuestsCompleted,14,undefined2 GetTotalQuestsCompleted(void)
01AE34,GetQuestHintOrContentPoolId,34,undefined2 GetQuestHintOrContentPoolId(void)
01AE45,GetAnimalEncounterOutcome,32,undefined2 GetAnimalEncounterOutcome(void)
01AE55,SavePetStatusBlock,208,void SavePetStatusBlock(void)
01AEBD,LoadQuestProgressAndEventFlags,100,undefined LoadQuestProgressAndEventFlags(void)
01AEEF,CheckStatsAndMoneyGate,230,undefined CheckStatsAndMoneyGate(void)
01AF62,Game_ProcessTick,4370,undefined2 Game_ProcessTick(undefined2 p0)
01B7EB,IsMissingRequiredQuestItem,140,undefined2 IsMissingRequiredQuestItem(undefined2 p0)
01B831,ReturnZeroStub_01b831,8,undefined2 ReturnZeroStub_01b831(void)
01B835,ApplyStatusIconAndLaunchActivity,74,undefined2 ApplyStatusIconAndLaunchActivity(undefined2 p0)
01B85A,HandleAnimalGiftOffer_Species40,228,undefined HandleAnimalGiftOffer_Species40(undefined2 * param_1)
01B8CC,ShowLegacyFlagRewardDialogue,172,undefined ShowLegacyFlagRewardDialogue(void)
01B922,HandleAnimalGiftOffer_Species49,228,undefined HandleAnimalGiftOffer_Species49(undefined2 * param_1)
01B994,ShowItemOfferedRewardDialogue,172,undefined ShowItemOfferedRewardDialogue(void)
01B9EA,GetItemNamePluralized,184,undefined2 GetItemNamePluralized(undefined2 p0)
01BA46,DrawQuestObjectiveScreen,366,undefined DrawQuestObjectiveScreen(void)
01BAFD,DrawQuestTurnInSummary,300,undefined DrawQuestTurnInSummary(void)
01BB93,DrawQuestGiverLocationSummary,510,undefined DrawQuestGiverLocationSummary(void)
01BC92,ResolvePaletteCacheSlot,132,undefined ResolvePaletteCacheSlot(void)
01BCD4,GetPaletteAttrBits,32,undefined2 GetPaletteAttrBits(undefined2 p0)
01BCE4,UploadPaletteEntryToHardware,142,undefined UploadPaletteEntryToHardware(void)
01BD2B,FindFreePaletteCellRegion,108,undefined FindFreePaletteCellRegion(void)
01BD61,ReturnOneStub_01bd61,8,undefined2 ReturnOneStub_01bd61(void)
01BD65,FillPaletteCellRegion,100,undefined FillPaletteCellRegion(void)
01BD97,AllocatePaletteCell,494,undefined AllocatePaletteCell(void)
01BE8E,CommitPaletteRegionIfFound,18,undefined2 CommitPaletteRegionIfFound(void)
01BE97,FillAndUploadPaletteRegion,114,undefined2 FillAndUploadPaletteRegion(void)
01BED0,ComputePaletteCellAddress,18,int ComputePaletteCellAddress(void)
01BED9,RestoreTilemapBuffer,58,undefined RestoreTilemapBuffer(void)
01BEF6,InitSpriteResyncParams,48,undefined InitSpriteResyncParams(void)
01BF0E,IdleTimeoutScreen,334,undefined IdleTimeoutScreen(void)
01BFB5,EnableBgLayerA,16,undefined EnableBgLayerA(void)
01BFBD,DisableBgLayerA,16,undefined DisableBgLayerA(void)
01BFC5,SetupPendingSpriteRegisters,104,undefined SetupPendingSpriteRegisters(void)
01BFF9,EnableBgLayerB,16,undefined EnableBgLayerB(void)
01C001,DisableBgLayerB,16,undefined DisableBgLayerB(void)
01C009,SetupBgLayerBSpriteRegisters,306,undefined SetupBgLayerBSpriteRegisters(void)
01C0A2,LoadRoom,188,undefined2 LoadRoom(undefined2 p0)
01C100,ResetSpriteSlots,46,undefined ResetSpriteSlots(void)
01C117,FindNearestInteractableObject,324,undefined FindNearestInteractableObject(void)
01C1B9,IsPositionWithinRoomBounds,86,undefined2 IsPositionWithinRoomBounds(undefined2 p0)
01C1E4,ReturnZeroStub_01c1e4,6,undefined2 ReturnZeroStub_01c1e4(void)
01C1E7,IsTileWalkable,224,undefined2 IsTileWalkable(undefined2 p0)
01C257,CheckObjectCollisionAtPoint,40,undefined2 CheckObjectCollisionAtPoint(undefined2 p0)
01C26B,CheckInteractableObjectHitAtIndex,290,undefined2 CheckInteractableObjectHitAtIndex(void)
01C2FC,AdvanceInteractableHitTestIndex,16,undefined2 AdvanceInteractableHitTestIndex(void)
01C304,ReturnOneStub_01c304,8,undefined2 ReturnOneStub_01c304(void)
01C308,ClipWalkableMaskAgainstSpritePixels,56,undefined2 ClipWalkableMaskAgainstSpritePixels(undefined2 p0)
01C324,ClipInteractableObjectPixels,414,undefined ClipInteractableObjectPixels(void)
01C3F3,PlacePlayerAndInitCameraOnRoomEntry,1266,undefined2 PlacePlayerAndInitCameraOnRoomEntry(undefined2 p0)
01C66C,UNUSED_RenderStageTilemap,386,undefined UNUSED_RenderStageTilemap(void)
01C72D,ContinueScrollBackgroundTileFill,366,undefined ContinueScrollBackgroundTileFill(void)
01C7E4,CullVisibleNPCs,214,undefined2 CullVisibleNPCs(undefined2 p0)
01C84F,FindRegionIndexByPosition_01c84f,136,undefined FindRegionIndexByPosition_01c84f(void)
01C893,ResolveInteractableSearchBounds,374,undefined ResolveInteractableSearchBounds(void)
01C94E,BuildInteractableObjectList,286,undefined BuildInteractableObjectList(void)
01C9DD,DrawStoryObjectMarkerIcon,66,"void DrawStoryObjectMarkerIcon(int markerTileId, int screenX, int screenY)"
01C9FE,RenderStoryObjectsInYRange,62,"void RenderStoryObjectsInYRange(uint minY, int maxY, uint drawFlags)"
01CA1D,DrawInteractableObjectMarkers,534,undefined DrawInteractableObjectMarkers(void)
01CB28,AdvanceGlobalFrameCounter,54,undefined AdvanceGlobalFrameCounter(void)
01CB43,GetActiveStoryObjectId,14,undefined2 GetActiveStoryObjectId(void)
01CB4A,SetStoryObjectProgressBit,170,"void SetStoryObjectProgressBit(undefined2 areaTier, int bitIndex, int setFlag)"
01CB9F,SetProgressBit,170,"undefined2 SetProgressBit(undefined2 p0, undefined2 p1)"
01CBF4,GetProgressBit,86,bool GetProgressBit(int bitIndex)
01CC1F,IsProgressFlagActive,86,bool IsProgressFlagActive(int bitIndex)
01CC4A,WorldToScreen,56,undefined2 WorldToScreen(undefined2 p0)
01CC66,OffsetByCameraPosition,56,"void OffsetByCameraPosition(int offsetX, int offsetY, int * outX, int * outY)"
01CC82,BuildSpriteCollisionMask,56,undefined2 BuildSpriteCollisionMask(undefined2 p0)
01CC9E,InitPlayerMarkerSpriteBounds,258,undefined InitPlayerMarkerSpriteBounds(void)
01CD1F,ComputeRectIntersection,242,undefined2 ComputeRectIntersection(undefined2 p0)
01CD98,CountDivisionsToOne,26,"int CountDivisionsToOne(int value, undefined2 divisor)"
01CDA5,CountDivideStepsUntilOne_01cda5,36,undefined2 CountDivideStepsUntilOne_01cda5(void)
01CDB7,GeneratePaletteBlendTable,444,undefined GeneratePaletteBlendTable(void)
01CE95,GeneratePaletteFadeTable,376,undefined GeneratePaletteFadeTable(void)
01CF51,ApplyScreenDimming,160,undefined ApplyScreenDimming(void)
01CFA1,BuildDesatPalette,1266,undefined2 BuildDesatPalette(undefined2 p0)
01D21A,DesaturatePaletteSlotsMatchingValue,110,undefined2 DesaturatePaletteSlotsMatchingValue(undefined2 p0)
01D251,NoOpStub,10,void NoOpStub(void)
01D256,NeedsRedraw,14,undefined2 NeedsRedraw(void)
01D25D,IsInputSuppressed,30,bool IsInputSuppressed(void)
01D26C,ResetSpriteResync,20,undefined ResetSpriteResync(void)
01D276,EndPanelDraw,20,undefined EndPanelDraw(void)
01D280,ResolveActiveSlotPalette,24,void ResolveActiveSlotPalette(undefined2 paletteId)
01D28C,GetPrimaryPaletteCacheSlot,24,undefined2 GetPrimaryPaletteCacheSlot(undefined2 p0)
01D298,UploadPaletteBankEntry,66,undefined2 UploadPaletteBankEntry(undefined2 p0)
01D2B9,WaitForNextTick,216,undefined2 WaitForNextTick(undefined2 p0)
01D325,ResyncHardwareSpritesIfPending,72,undefined ResyncHardwareSpritesIfPending(void)
01D349,InitSpriteSystem,120,undefined2 InitSpriteSystem(undefined2 p0)
01D385,ClearSpriteDisplayList,72,undefined ClearSpriteDisplayList(void)
01D3A9,ClearSpriteTileSlotTable,78,undefined ClearSpriteTileSlotTable(void)
01D3D0,ClearSpriteEngineStateA,18,undefined ClearSpriteEngineStateA(void)
01D3D9,StartPaletteFadeIn,22,void StartPaletteFadeIn(undefined2 fadeSteps)
01D3E4,StartPaletteFadeOut,46,void StartPaletteFadeOut(undefined2 fadeSteps)
01D3FB,BuildSpriteTilemap,292,undefined2 BuildSpriteTilemap(undefined2 p0)
01D48D,DrawTile,624,undefined2 DrawTile(undefined2 p0)
01D5C5,AccumulateSpriteEntryCount_01d5c5,16,undefined AccumulateSpriteEntryCount_01d5c5(void)
01D5CD,BuildTextSpriteEntries,616,undefined2 BuildTextSpriteEntries(undefined2 p0)
01D701,AccumulateSpriteEntryCount_01d701,16,undefined AccumulateSpriteEntryCount_01d701(void)
01D709,FlushSpriteList,144,undefined FlushSpriteList(void)
01D751,ReadBankedWord,128,undefined2 ReadBankedWord(undefined2 p0)
01D791,GetTileWidth,24,undefined2 GetTileWidth(undefined2 p0)
01D79D,GetTileHeight,24,undefined2 GetTileHeight(undefined2 p0)
01D7A9,GetTileDimensions,70,undefined2 GetTileDimensions(undefined2 p0)
01D7CC,GetSpritePixelColorIndex,758,undefined2 GetSpritePixelColorIndex(undefined2 p0)
01D947,SampleTilePixelValue,576,"void SampleTilePixelValue(ushort frameIndex, int byteOffset, int rowIndex, int x, int y)"
01DA67,DrawStarterPetPreviewPanel,1288,undefined2 DrawStarterPetPreviewPanel(undefined2 p0)
01DCEB,ToViewportX,16,undefined2 ToViewportX(undefined2 p0)
01DCF3,ScrollBgXClamped,94,"bool ScrollBgXClamped(int areaTier, int deltaX)"
01DD22,ScrollBgXClampedNegative,40,"bool ScrollBgXClampedNegative(undefined2 unusedAreaTier, int deltaX)"
01DD36,SetBgScrollX,16,undefined2 SetBgScrollX(undefined2 p0)
01DD3E,LoadSpriteDefViaDMA,404,undefined2 LoadSpriteDefViaDMA(undefined2 p0)
01DE08,DMALoadSpriteFrameRecord,152,"void DMALoadSpriteFrameRecord(int frameIndex, undefined2 destCmd)"
01DE54,DMALoadGlyphTile,168,undefined2 DMALoadGlyphTile(undefined2 p0)
01DEA8,WaitForDMA,26,undefined WaitForDMA(void)
01DEB5,DrawShadow,248,undefined2 DrawShadow(undefined2 p0)
01DF31,SetClipWindow,116,undefined2 SetClipWindow(undefined2 p0)
01DF6B,ClearClipWindow,16,undefined ClearClipWindow(void)
01DF73,ResetStageViewport,88,undefined ResetStageViewport(void)
01DF9F,ResetAnimalReactionState,26,undefined2 ResetAnimalReactionState(undefined2 p0)
01DFAC,HandleNPCInteractionInput,58,undefined2 HandleNPCInteractionInput(undefined2 p0)
01DFC9,PlayIdleAnimGate,54,undefined2 PlayIdleAnimGate(void)
01DFE4,TickActor_IdleRandomSound,582,undefined2 TickActor_IdleRandomSound(undefined2 p0)
01E107,PlayPositiveReactionAnim,486,undefined2 PlayPositiveReactionAnim(undefined2 p0)
01E1FA,PlayReactionFollowupAnim,198,undefined2 PlayReactionFollowupAnim(undefined2 p0)
01E25D,PlayNegativeReactionAnim,508,undefined2 PlayNegativeReactionAnim(undefined2 p0)
01E35B,ReturnZeroStub_01e35b,8,undefined2 ReturnZeroStub_01e35b(void)
01E35F,PlayEmoteReactionAnim,536,undefined2 PlayEmoteReactionAnim(undefined2 p0)
01E46B,ReturnZeroStub_01e46b,8,undefined2 ReturnZeroStub_01e46b(void)
01E46F,TickBefriendReactionBubbleSequence,574,"undefined2 TickBefriendReactionBubbleSequence(undefined2 * actorPosition, uint * sequenceState)"
01E58E,ReturnZeroStub_01e58e,8,undefined2 ReturnZeroStub_01e58e(void)
01E592,TickActor_PlayReactionSound,176,undefined2 TickActor_PlayReactionSound(undefined2 p0)
01E5EA,TickActor_ReactionState,186,undefined2 TickActor_ReactionState(undefined2 p0)
01E647,TickActor_PlayEncounterExitAnimation,194,"undefined2 TickActor_PlayEncounterExitAnimation(int actor, int sequenceState)"
01E6A8,TickActor_SettleFacing,322,undefined2 TickActor_SettleFacing(undefined2 p0)
01E749,TickActor_PlayAnimationAndWait,204,undefined2 TickActor_PlayAnimationAndWait(undefined2 p0)
01E7AF,RunSoundedAnimationTask,224,undefined2 RunSoundedAnimationTask(undefined2 p0)
01E81F,TickActor_PlayAnimRepeated,484,undefined2 TickActor_PlayAnimRepeated(undefined2 p0)
01E911,ReturnZeroStub_01e911,8,undefined2 ReturnZeroStub_01e911(void)
01E915,TickAnimalReactionAnimationSequence,466,"undefined2 TickAnimalReactionAnimationSequence(int actor, undefined2 soundParam, uint * sequenceState)"
01E9FE,ReturnZeroStub_01e9fe,8,undefined2 ReturnZeroStub_01e9fe(void)
01EA02,TickActor_PlayReactionAnimAndSound,176,"undefined2 TickActor_PlayReactionAnimAndSound(int * actor, int * state)"
01EA5A,TickActor_RepeatAnimThenPause,542,undefined2 TickActor_RepeatAnimThenPause(undefined2 p0)
01EB69,ReturnZeroStub_01eb69,8,undefined2 ReturnZeroStub_01eb69(void)
01EB6D,TickActor_RefusalReaction,176,"undefined2 TickActor_RefusalReaction(int * actor, int * state)"
01EBC5,TickWildAnimalIdleBehavior,1990,undefined2 TickWildAnimalIdleBehavior(undefined2 p0)
01EFA8,ReturnZeroStub_01efa8,8,undefined2 ReturnZeroStub_01efa8(void)
01EFAC,TickActor_WalkWanderPath,156,undefined2 TickActor_WalkWanderPath(undefined2 p0)
01EFFA,InitActorSpriteFrameState_01effa,46,undefined InitActorSpriteFrameState_01effa(void)
01F011,TickActorWalkTowardTargetStep,806,undefined2 TickActorWalkTowardTargetStep(void)
01F1A4,ReturnZeroStub_01f1a4,8,undefined2 ReturnZeroStub_01f1a4(void)
01F1A8,TickActor_WalkToTargetX,306,undefined2 TickActor_WalkToTargetX(undefined2 p0)
01F241,ReturnZeroStub_01f241,8,undefined2 ReturnZeroStub_01f241(void)
01F245,AnimateActorMoveToTarget,290,undefined2 AnimateActorMoveToTarget(undefined2 p0)
01F2D6,ReturnZeroStub_01f2d6,8,undefined2 ReturnZeroStub_01f2d6(void)
01F2DA,TickActor_WalkDiagonalToTarget,362,undefined2 TickActor_WalkDiagonalToTarget(undefined2 p0)
01F38F,ReturnZeroStub_01f38f,8,undefined2 ReturnZeroStub_01f38f(void)
01F393,TickActor_UpdateSpriteFrameAndWait,190,undefined2 TickActor_UpdateSpriteFrameAndWait(undefined2 p0)
01F3F2,TickActor_PlaySoundAndWait,184,undefined2 TickActor_PlaySoundAndWait(undefined2 p0)
01F44E,ReturnZeroStub_01f44e,8,undefined2 ReturnZeroStub_01f44e(void)
01F452,TickActor_PositiveReaction,144,undefined2 TickActor_PositiveReaction(undefined2 p0)
01F49A,TickActor_PlayAnimAndWait,144,undefined2 TickActor_PlayAnimAndWait(undefined2 p0)
01F4E2,TickActor_WalkInThenIdle,338,undefined2 TickActor_WalkInThenIdle(undefined2 p0)
01F58B,TickActor_NegativeReaction,144,undefined2 TickActor_NegativeReaction(undefined2 p0)
01F5D3,AdvanceScriptedCameraPanStep,64,void AdvanceScriptedCameraPanStep(void)
01F5F3,StartScriptedCameraPan,28,void StartScriptedCameraPan(uint panTableIndex)
01F601,FormatUsingScratchFormatString,32,undefined2 FormatUsingScratchFormatString(undefined2 p0)
01F611,ParseInteger,136,undefined2 ParseInteger(undefined2 p0)
01F655,ConvertIntToPrintfField,158,undefined2 ConvertIntToPrintfField(undefined2 p0)
01F6A4,FormatIntArgumentVariant_01f6a4,32,undefined2 FormatIntArgumentVariant_01f6a4(void)
01F6B4,FormatIntArgumentVariant_01f6b4,384,undefined2 FormatIntArgumentVariant_01f6b4(void)
01F77E,vsprintf,146,"int vsprintf(char * __s, char * __format, __gnuc_va_list __arg)"
01F7C7,ProcessFormatArgumentField_01f7c7,32,int ProcessFormatArgumentField_01f7c7(void)
01F7D7,ReturnFormatErrorCode_01f7d7,22,int ReturnFormatErrorCode_01f7d7(void)
01F7E2,ParseFormatSpecifier,664,undefined ParseFormatSpecifier(void)
01F951,RunFormatStringLoop,50,undefined2 RunFormatStringLoop(void)
01FCDE,GetFormatCharCount_01fcde,14,undefined2 GetFormatCharCount_01fcde(void)
01FCE5,AlwaysTrueCondition,12,undefined2 AlwaysTrueCondition(void)
01FCEB,WriteStreamAll,32,"bool WriteStreamAll(undefined2 handle, int buffer, int count)"
01FCFB,WriteStreamCharsLoop,64,bool WriteStreamCharsLoop(void)
01FD1B,FormatArgument,172,undefined2 FormatArgument(undefined2 p0)
01FD71,PutStreamChar,36,undefined2 PutStreamChar(void)
01FD83,PutStreamCharVariant_01fd83,106,undefined2 PutStreamCharVariant_01fd83(void)
01FDB8,HandleBufferedCharWrite,284,undefined2 HandleBufferedCharWrite(void)
01FE46,SetStreamErrorAndReturnEOF,14,undefined2 SetStreamErrorAndReturnEOF(void)
01FE4D,FlushStreamBufferOrFail_01fe4d,56,undefined2 FlushStreamBufferOrFail_01fe4d(void)
01FE69,WriteCharToBuffer_01fe69,16,undefined2 WriteCharToBuffer_01fe69(void)
01FE71,FormatUnsigned32ToStringInBase,182,int * FormatUnsigned32ToStringInBase(void)
01FECC,GetStreamHandle,16,undefined2 GetStreamHandle(int stream)
01FED4,FlushStream,418,undefined2 FlushStream(undefined2 * stream)
01FFA5,FlushAllStreams,76,undefined FlushAllStreams(void)
01FFCB,StreamSeekStub,14,void StreamSeekStub(void)
01FFD2,AllocZeroedFromContext,30,"undefined2 AllocZeroedFromContext(undefined2 p0, undefined2 p1)"
01FFE1,HeapCalloc,62,"void * * HeapCalloc(undefined2 heapId, int count, int size)"
02C5D6,TickMenuTransitionState,116,undefined2 TickMenuTransitionState(undefined2 p0)
02C610,ItemMenuScreen,530,undefined ItemMenuScreen(void)
02C719,TickItemMenuScreen_02c719,288,undefined TickItemMenuScreen_02c719(void)
02C7A9,TickItemMenuScreen_02c7a9,4668,undefined TickItemMenuScreen_02c7a9(void)
02D0C7,DrawCategoryTabIcon,324,undefined2 DrawCategoryTabIcon(undefined2 p0)
02D169,DrawItemGridPage,214,"undefined DrawItemGridPage(int param_1, int param_2, int param_3, int param_4, int param_5, int param_6, int param_7)"
02D1D4,DrawItemGridCell,1074,undefined DrawItemGridCell(void)
02D3ED,Item_HasCarryRoom,178,undefined2 Item_HasCarryRoom(undefined2 p0)
02D446,Item_IsRoomRestricted,638,undefined2 Item_IsRoomRestricted(undefined2 p0)
02D585,Item_BuildFilteredList,538,undefined2 Item_BuildFilteredList(undefined2 p0)
02D692,ClearItemCounts,48,undefined ClearItemCounts(void)
02D6AA,GetItemMaxHeld,18,undefined2 GetItemMaxHeld(undefined2 p0)
02D6B3,GetItemEntryPointer,20,undefined2 GetItemEntryPointer(undefined2 p0)
02D6BD,GrantItemOrEvent,1826,undefined2 GrantItemOrEvent(undefined2 p0)
02DA4E,Item_IncrementOwnedAndSave,100,undefined2 Item_IncrementOwnedAndSave(undefined2 p0)
02DA80,Item_ApplyLimit,100,undefined2 Item_ApplyLimit(undefined2 p0)
02DAB2,RemoveExcessInventoryItems,38,undefined RemoveExcessInventoryItems(void)
02DAC5,Item_TickDeliveryCountdown,134,undefined2 Item_TickDeliveryCountdown(undefined2 p0)
02DB08,InsertOrIncrementPoolSlot,120,undefined2 InsertOrIncrementPoolSlot(undefined2 p0)
02DB44,AllocateFreeSlotEntry_02db44,136,undefined2 AllocateFreeSlotEntry_02db44(void)
02DB88,CommitFreeSlotEntry_02db88,28,undefined2 CommitFreeSlotEntry_02db88(void)
02DB96,ReturnZeroStub_02db96,8,undefined2 ReturnZeroStub_02db96(void)
02DB9A,ClaimLRUCacheSlot,208,undefined2 ClaimLRUCacheSlot(undefined2 p0)
02DC02,AdjustPlayerMoney,102,undefined2 AdjustPlayerMoney(undefined2 p0)
02DC35,GetPlayerMoney,18,undefined4 GetPlayerMoney(void)
02DC3E,ApplyItemCategoryEffect,896,undefined ApplyItemCategoryEffect(void)
02DDFE,PickWeightedRandomItem,180,undefined2 PickWeightedRandomItem(undefined2 p0)
02DE58,FindShopOfferSlotByItemId,38,"int FindShopOfferSlotByItemId(int param_1, ushort param_2)"
02DE6B,FindFreeSlotIndex_02de6b,60,undefined2 FindFreeSlotIndex_02de6b(void)
02DE89,DeliverPurchasedQuantity,104,undefined2 DeliverPurchasedQuantity(undefined2 p0)
02DEBD,Item_ProcessPurchase,110,undefined2 Item_ProcessPurchase(undefined2 p0)
02DEF4,Item_ShowPurchaseDialogue,1110,"undefined Item_ShowPurchaseDialogue(ushort param_1, int param_2)"
02E11F,Item_ProcessSale,212,void Item_ProcessSale(void)
02E189,RestockItemPoolSlot,206,undefined2 RestockItemPoolSlot(undefined2 p0)
02E1F0,AddToUniqueItemCounter,78,undefined2 AddToUniqueItemCounter(undefined2 p0)
02E217,ConsumeTrackedItem,82,undefined2 ConsumeTrackedItem(undefined2 p0)
02E240,SpawnShopItemStock,46,undefined2 SpawnShopItemStock(undefined2 p0)
02E257,SpawnItemsFromCategoryTable,112,undefined2 SpawnItemsFromCategoryTable(void)
02E28F,RollWeightedShopEventId,142,undefined2 RollWeightedShopEventId(void)
02E2D6,RollWeightedItemQuantity,58,undefined2 RollWeightedItemQuantity(void)
02E2F3,InitZoneItemPools,140,undefined InitZoneItemPools(void)
02E339,RollShopItemStock,60,undefined RollShopItemStock(void)
02E357,FindItemSlotInWeightedTable,84,"int FindItemSlotInWeightedTable(int category, int itemId)"
02E381,ClampInventorySlotQuantities,318,void ClampInventorySlotQuantities(int category)
02E420,ConfirmItemMenuAndSwitchState,26,undefined ConfirmItemMenuAndSwitchState(void)
02E42D,ShowMiniPetFoodRejectionDialogue,84,undefined2 ShowMiniPetFoodRejectionDialogue(undefined2 p0)
02E4A8,SaveMoneyToSlot,222,undefined2 SaveMoneyToSlot(undefined2 p0)
02E517,LoadPlayerMoneyFromSave,126,undefined2 LoadPlayerMoneyFromSave(undefined2 p0)
02E556,SaveHeldItemQuantitiesToSlot,54,undefined SaveHeldItemQuantitiesToSlot(void)
02E571,LoadHeldItemQuantitiesFromSave,152,undefined2 LoadHeldItemQuantitiesFromSave(undefined2 p0)
02E5BD,NoOpStub_02e5bd,6,undefined NoOpStub_02e5bd(void)
02E5C0,SaveItemFieldToSlot,350,undefined2 SaveItemFieldToSlot(undefined2 p0)
02E66F,RunSwiftPickGame,528,undefined2 RunSwiftPickGame(undefined2 p0)
02E777,TickSlotReelGame_02e777,908,undefined TickSlotReelGame_02e777(void)
02E93D,NoOpStub_02e93d,6,undefined NoOpStub_02e93d(void)
02E940,RunThreeInARowGame,1324,undefined2 RunThreeInARowGame(undefined2 p0)
02EBD6,RunMemoryMatchGame,696,"undefined RunMemoryMatchGame(undefined2 param_1, undefined2 param_2, undefined2 param_3, undefined2 param_4, undefined2 param_5)"
02ED32,TickMatchingPairsGame_02ed32,2350,undefined TickMatchingPairsGame_02ed32(void)
02F1C9,NoOpStub_02f1c9,8,undefined NoOpStub_02f1c9(void)
02F1CD,RunTrickGuessingMinigame,1542,"int RunTrickGuessingMinigame(undefined2 param_1, int param_2, int param_3, undefined2 param_4, int param_5, undefined2 param_6, undefined2 param_7)"
02F4D0,PopulateReelWindow,264,undefined2 PopulateReelWindow(undefined2 p0)
02F554,ShuffleAssignSlots,72,undefined2 ShuffleAssignSlots(undefined2 p0)
02F578,InsertValueAtRandomEmptySlot,142,undefined InsertValueAtRandomEmptySlot(void)
02F5BF,ShuffleMemoryMatchCards,216,undefined2 ShuffleMemoryMatchCards(undefined2 p0)
02F62B,ShuffleGridSlotsRandomly_02f62b,34,undefined ShuffleGridSlotsRandomly_02f62b(void)
02F63C,CountMatchingPairs,150,undefined2 CountMatchingPairs(undefined2 p0)
02F687,IsCardAlreadyMatched,30,undefined2 IsCardAlreadyMatched(undefined2 p0)
02F696,FindValueInArraySix,36,undefined2 FindValueInArraySix(void)
02F6A8,DrawMemoryCard,146,undefined2 DrawMemoryCard(undefined2 p0)
02F6F1,DrawMemoryCardBack,102,undefined2 DrawMemoryCardBack(undefined2 p0)
02F724,RenderGuessGridPeg_02f724,66,undefined RenderGuessGridPeg_02f724(void)
02F745,DrawGuessResultSlots,384,undefined2 DrawGuessResultSlots(undefined2 p0)
02F805,BuildUniqueRandomSet,170,undefined2 BuildUniqueRandomSet(undefined2 p0)
02F85A,ShuffleArrayRange_02f85a,108,undefined ShuffleArrayRange_02f85a(void)
02F890,BuildRandomPrizePool,314,undefined2 BuildRandomPrizePool(undefined2 p0)
02F92D,ShuffleArrayRange,84,undefined ShuffleArrayRange(void)
02F957,LoadTileRow,222,undefined2 LoadTileRow(undefined2 p0)
02F9C6,LoadTileColumn,214,undefined2 LoadTileColumn(undefined2 p0)
02FA31,InitRoomTilemap,158,undefined InitRoomTilemap(void)
02FA80,RefreshVisibleTilemapColumns,156,undefined RefreshVisibleTilemapColumns(void)
02FACE,UpdateScrollingTilemap,292,undefined UpdateScrollingTilemap(void)
02FB60,UNUSED_BuildScrollingTilemapRow,938,undefined UNUSED_BuildScrollingTilemapRow(void)
02FD35,RefreshBackgroundTiles,416,undefined RefreshBackgroundTiles(void)
02FE05,RenderBackgroundScrollBuffer_02fe05,586,undefined RenderBackgroundScrollBuffer_02fe05(void)
02FF2A,SoftFloat_MulOrDiv,418,"undefined2 SoftFloat_MulOrDiv(undefined2 p0, undefined2 p1, undefined2 p2, undefined2 p3)"
03B77C,TryTransitionToArea,26,undefined2 TryTransitionToArea(int param_1)
03B789,TransitionToAreaRoom,526,undefined2 TransitionToAreaRoom(void)
03B890,GameMainLoop,732,undefined GameMainLoop(void)
03BA00,CreateNewPet,910,undefined CreateNewPet(void)
03BBC7,LoadSettingsFromSave,122,undefined LoadSettingsFromSave(void)
03BC04,SaveSettingsToSlot,76,undefined SaveSettingsToSlot(void)
03BC2A,SaveActiveSaveSlotState,58,undefined SaveActiveSaveSlotState(void)
03BC47,LoadActiveSaveSlotState,108,undefined LoadActiveSaveSlotState(void)
03BC7D,SaveStarterChoiceToSlot,176,undefined SaveStarterChoiceToSlot(void)
03BCD5,LoadSlotStarterOrHouseChoice,156,undefined2 LoadSlotStarterOrHouseChoice(undefined2 p0)
03BD23,LoadEventTableChecksumOrSize,34,undefined LoadEventTableChecksumOrSize(void)
03BD34,WriteSaveLengthToSlot,48,undefined WriteSaveLengthToSlot(void)
03BD4C,RestorePetProfileFromSlot,40,undefined RestorePetProfileFromSlot(void)
03BD60,HandleTestModeEntrySequence,386,undefined HandleTestModeEntrySequence(void)
03BE21,TickFloatTimerSequence_03be21,220,undefined TickFloatTimerSequence_03be21(void)
03BE8F,TickFloatTimerSequence_03be8f,326,undefined TickFloatTimerSequence_03be8f(void)
03BF32,TickFloatTimerSequence_03bf32,402,undefined TickFloatTimerSequence_03bf32(void)
03BFFB,TickFloatTimerSequence_03bffb,38,undefined TickFloatTimerSequence_03bffb(void)
03C00E,ReturnVoidStub_03c00e,6,undefined ReturnVoidStub_03c00e(void)
03C011,ShowNewPetIntroScreen,444,undefined ShowNewPetIntroScreen(void)
03C0EF,ShowMainMenuScreen,1370,undefined ShowMainMenuScreen(void)
03C39C,RunPetRoomGameplayLoop,2192,undefined2 RunPetRoomGameplayLoop(undefined2 p0)
03C7E4,GetAreaNameTextId,18,undefined2 GetAreaNameTextId(undefined2 p0)
03C7ED,GetAreaNamePreposition,72,undefined2 GetAreaNamePreposition(undefined2 p0)
03C811,GetRoomThemeForStage,142,undefined2 GetRoomThemeForStage(undefined2 p0)
03C858,ShowWorldMapScreen,546,undefined ShowWorldMapScreen(void)
03C969,IsExplorableAreaTier,36,undefined2 IsExplorableAreaTier(undefined2 p0)
03C97B,GetQuestCategoryDistanceScore,134,"int GetQuestCategoryDistanceScore(uint category1, uint category2)"
03C9BE,InitCartInterface,90,undefined InitCartInterface(void)
03C9EB,ClearUnlockEligibleAndActiveFlags,44,undefined ClearUnlockEligibleAndActiveFlags(void)
03CA01,ResetActiveInstanceSelection,22,void ResetActiveInstanceSelection(void)
03CA0C,TickActor_RunAction,466,undefined2 TickActor_RunAction(undefined2 p0)
03CAF5,SpawnPoolEntryInstance,634,undefined2 SpawnPoolEntryInstance(undefined2 p0)
03CC32,SpawnPoolEntriesForStage,184,undefined2 SpawnPoolEntriesForStage(undefined2 p0)
03CC8E,TickAllPets,314,undefined TickAllPets(void)
03CD2B,TickActiveInstanceTypeA_03cd2b,2380,undefined TickActiveInstanceTypeA_03cd2b(void)
03D1D1,TickActiveInstanceTypeB_03d1d1,322,undefined TickActiveInstanceTypeB_03d1d1(void)
03D272,ReturnVoidStub_03d272,6,undefined ReturnVoidStub_03d272(void)
03D275,EmptyStub_03d275,10,undefined EmptyStub_03d275(void)
03D27A,FindEligibleAnimalForEncounter,28,undefined FindEligibleAnimalForEncounter(void)
03D288,DrawAllActiveInstances_03d288,356,undefined DrawAllActiveInstances_03d288(void)
03D33A,DrawActiveInstanceTypeB_03d33a,40,undefined DrawActiveInstanceTypeB_03d33a(void)
03D34E,ReturnVoidStub_03d34e,6,undefined ReturnVoidStub_03d34e(void)
03D351,RenderAnimalSprite,416,undefined2 RenderAnimalSprite(undefined2 p0)
03D421,UpdateAnimalIdleActivity,176,undefined2 UpdateAnimalIdleActivity(undefined2 p0)
03D479,ClearAllAnimalMessageBubbles,50,void ClearAllAnimalMessageBubbles(void)
03D492,MarkUnlockEligible,82,undefined2 MarkUnlockEligible(undefined2 p0)
03D4BB,IsEligible,86,undefined2 IsEligible(undefined2 p0)
03D4E6,CountEligibleUnlocks,60,undefined2 CountEligibleUnlocks(void)
03D504,SetSpeciesDiscovered,78,undefined2 SetSpeciesDiscovered(undefined2 p0)
03D52B,IsSpeciesDiscovered,86,undefined2 IsSpeciesDiscovered(undefined2 p0)
03D556,RevokeStaleUnlocks,114,undefined RevokeStaleUnlocks(void)
03D58F,GetDefaultAnimalDialogueLine,62,undefined2 GetDefaultAnimalDialogueLine(undefined2 p0)
03D5AE,GetRotatingAnimalDialogueLine,152,undefined2 GetRotatingAnimalDialogueLine(undefined2 p0)
03D5FA,GetRandomAnimalDialogueLine,30,undefined2 GetRandomAnimalDialogueLine(void)
03D609,SetAnimalEncounterLockFlag,66,undefined2 SetAnimalEncounterLockFlag(undefined2 p0)
03D62A,IsCurrentAnimalScripted,30,undefined2 IsCurrentAnimalScripted(undefined2 p0)
03D639,IsSpeciesScripted,20,undefined2 IsSpeciesScripted(undefined2 p0)
03D643,GetAnimalPoolEntryId,22,undefined2 GetAnimalPoolEntryId(undefined2 p0)
03D64E,FindActiveInstanceIndexById,24,int FindActiveInstanceIndexById(void)
03D65A,ClearInstanceFlag_03d65a,40,undefined ClearInstanceFlag_03d65a(void)
03D66E,ReturnNegOneStub_03d66e,8,undefined2 ReturnNegOneStub_03d66e(void)
03D672,GetAnimalActorPtr,22,undefined2 GetAnimalActorPtr(undefined2 p0)
03D67D,GetAnimalPosY,22,undefined2 GetAnimalPosY(undefined2 p0)
03D688,GetAnimalSpriteWidthForLayout,74,int GetAnimalSpriteWidthForLayout(int poolIndex)
03D6AD,GetAnimalInstanceWord6,22,undefined2 GetAnimalInstanceWord6(undefined2 p0)
03D6B8,ResolveSpeciesTextId,188,undefined2 ResolveSpeciesTextId(undefined2 p0)
03D716,GetAnimalInstanceSpawnParam2,22,undefined2 GetAnimalInstanceSpawnParam2(undefined2 p0)
03D721,GetAnimalInstanceFieldPtr7,22,undefined2 GetAnimalInstanceFieldPtr7(undefined2 p0)
03D72C,GetAnimalApproachSide,22,undefined2 GetAnimalApproachSide(undefined2 p0)
03D737,SetAnimalApproachSide,30,undefined2 SetAnimalApproachSide(undefined2 p0)
03D746,GetAnimalHaloRequirement,30,undefined2 GetAnimalHaloRequirement(undefined2 p0)
03D755,GetAnimalPitchforkRequirement,30,undefined2 GetAnimalPitchforkRequirement(undefined2 p0)
03D764,GetAnimalStarRequirement,30,undefined2 GetAnimalStarRequirement(undefined2 p0)
03D773,GetAnimalLightbulbRequirement,30,undefined2 GetAnimalLightbulbRequirement(undefined2 p0)
03D782,GetAnimalInstancePtr,20,undefined2 GetAnimalInstancePtr(undefined2 p0)
03D78C,GetAnimalNameStringId,30,undefined2 GetAnimalNameStringId(undefined2 p0)
03D79B,GetQuestGiverNameTextId,20,undefined2 GetQuestGiverNameTextId(undefined2 p0)
03D7A5,GetAnimalEncounterRecordPtr,20,undefined2 GetAnimalEncounterRecordPtr(undefined2 p0)
03D7AF,GetCurrentAnimalPoolStageId,30,undefined2 GetCurrentAnimalPoolStageId(undefined2 p0)
03D7BE,GetPoolEntryAreaUnlockTier,20,undefined2 GetPoolEntryAreaUnlockTier(int poolEntryId)
03D7C8,GetPoolEntrySpeciesId,34,undefined2 GetPoolEntrySpeciesId(undefined2 p0)
03D7D9,IsAnimalActivityIdleOrBefriend,62,undefined2 IsAnimalActivityIdleOrBefriend(undefined2 p0)
03D7F8,GetPetFlagBit0,24,undefined2 GetPetFlagBit0(undefined2 p0)
03D804,GetPetFlagBit1,26,undefined2 GetPetFlagBit1(undefined2 p0)
03D811,IsAnimalWandering,44,undefined2 IsAnimalWandering(undefined2 p0)
03D827,GetPetFlagBit8,28,uint GetPetFlagBit8(int poolIndex)
03D835,SetPetFlagBit8,104,"void SetPetFlagBit8(int poolIndex, int value)"
03D869,SetPetPresentInAreaFlag,136,"void SetPetPresentInAreaFlag(int poolIndex, int value)"
03D8AD,SetPetActiveFlagAndResetIdle,150,"void SetPetActiveFlagAndResetIdle(int poolIndex, int value)"
03D8F8,ResolveStarterOrSpeciesDialogueTextId,80,undefined2 ResolveStarterOrSpeciesDialogueTextId(undefined2 p0)
03D920,GetAnimalBaseBefriendChance,20,undefined2 GetAnimalBaseBefriendChance(undefined2 p0)
03D92A,SaveUnlockState,178,undefined SaveUnlockState(void)
03D983,LoadUnlockState,74,undefined LoadUnlockState(void)
03D9A8,DrawMenuIconRowWithHighlight,50,"void DrawMenuIconRowWithHighlight(int entries, int count, int selectedIndex, int highlightState)"
03D9C1,DrawGridTypeA_03d9c1,220,undefined DrawGridTypeA_03d9c1(void)
03DA2F,ReturnVoidStub_03da2f,6,undefined ReturnVoidStub_03da2f(void)
03DA32,ShowOptionsMenuScreen,80,undefined ShowOptionsMenuScreen(void)
03DA5A,TickOptionsMenuScreen_03da5a,1084,undefined TickOptionsMenuScreen_03da5a(void)
03DC78,SetEntryActive,18,undefined2 SetEntryActive(undefined2 p0)
03DC81,SetEntryInactive,18,undefined2 SetEntryInactive(undefined2 p0)
03DC8A,ShowLoadSaveSlotScreen,258,undefined ShowLoadSaveSlotScreen(void)
03DD0B,TickSaveSlotMenu_03dd0b,1478,undefined TickSaveSlotMenu_03dd0b(void)
03DFEE,ShowSaveSlotSelectScreen,112,undefined ShowSaveSlotSelectScreen(void)
03E026,ExitNewGameIntroToMainMenu,8,undefined ExitNewGameIntroToMainMenu(void)
03E02A,CreatePetInSlotFromMiniPetLinkAndEnterActivity,18,undefined CreatePetInSlotFromMiniPetLinkAndEnterActivity(void)
03E033,TickNewGameIntroSequence_03e033,1756,undefined TickNewGameIntroSequence_03e033(void)
03E3A1,ShowPetCarrierTransferScreen,2176,undefined ShowPetCarrierTransferScreen(void)
03E7E1,ResolveOrDefault,40,"int * ResolveOrDefault(int * value, int * defaultValue)"
03E7F5,GetPetSlotScreenY,36,undefined2 GetPetSlotScreenY(undefined2 p0)
03E807,GetAxisBoundaryConstant,32,undefined2 GetAxisBoundaryConstant(uint axisIndex)
03E817,RollUniqueStarterColor,224,undefined2 RollUniqueStarterColor(undefined2 p0)
03E887,SpawnStarterPetCandidates,402,undefined2 SpawnStarterPetCandidates(undefined2 p0)
03E950,TickPetMinigameReaction_03e950,1332,undefined TickPetMinigameReaction_03e950(void)
03EBEA,HandleStarterPetSelectInput,82,undefined2 HandleStarterPetSelectInput(undefined2 p0)
03EC13,SwitchGameModeA_03ec13,20,undefined SwitchGameModeA_03ec13(void)
03EC2D,SwitchGameModeB_03ec2d,274,undefined SwitchGameModeB_03ec2d(void)
03ECA6,ReturnVoidStub_03eca6,6,undefined ReturnVoidStub_03eca6(void)
03ECA9,UpdateStarterPetCandidates,302,"undefined UpdateStarterPetCandidates(undefined2 param_1, WorldActor * param_2, undefined2 param_3, undefined2 param_4)"
03ED40,TickRoomInstanceA_03ed40,346,undefined TickRoomInstanceA_03ed40(void)
03EDED,TickRoomInstanceB_03eded,70,undefined TickRoomInstanceB_03eded(void)
03EE10,TickRoomInstanceC_03ee10,28,undefined TickRoomInstanceC_03ee10(void)
03EE1E,TickRoomInstanceD_03ee1e,72,undefined TickRoomInstanceD_03ee1e(void)
03EE42,TickRoomInstanceE_03ee42,472,undefined TickRoomInstanceE_03ee42(void)
03EF2E,TickRoomInstanceF_03ef2e,30,undefined TickRoomInstanceF_03ef2e(void)
03EF3D,TickRoomInstanceG_03ef3d,84,undefined TickRoomInstanceG_03ef3d(void)
03EF67,TickRoomInstanceH_03ef67,606,undefined TickRoomInstanceH_03ef67(void)
03F096,UpdateStarterSelectViewport_03f096,480,undefined UpdateStarterSelectViewport_03f096(void)
03F186,DrawBackgroundTilesInYRange,270,void DrawBackgroundTilesInYRange(void)
03F20D,DrawStarterPetSelectList,1206,void DrawStarterPetSelectList(void)
03F468,ShowStarterPetSelectScreen,610,undefined ShowStarterPetSelectScreen(void)
03F599,GetDefaultStatValue,18,undefined2 GetDefaultStatValue(undefined2 p0)
03F5A2,InitEventSystemAndCacheTileMetrics,290,undefined InitEventSystemAndCacheTileMetrics(void)
03F633,PickRandomEventItemId,38,int PickRandomEventItemId(void)
03F646,Stub_03f646,16,undefined Stub_03f646(void)
03F64E,TickEventSpawner_03f64e,76,undefined TickEventSpawner_03f64e(void)
03F674,ReturnVoidStub_03f674,6,undefined ReturnVoidStub_03f674(void)
03F677,SpawnPendingEventItems,140,undefined2 SpawnPendingEventItems(undefined2 p0)
03F6BD,SpawnItemAtRandomFreeSlot,16,undefined2 SpawnItemAtRandomFreeSlot(undefined2 p0)
03F6C5,SpawnRandomAreaEvent,256,undefined SpawnRandomAreaEvent(void)
03F745,EvictPendingEventSlot,14,void EvictPendingEventSlot(void)
03F74C,ConsumeAllEventTriggersA_03f74c,62,undefined ConsumeAllEventTriggersA_03f74c(void)
03F76B,EvictPendingEventSlotByCategory,14,void EvictPendingEventSlotByCategory(void)
03F772,ConsumeAllEventTriggersB_03f772,64,undefined ConsumeAllEventTriggersB_03f772(void)
03F792,SpawnPendingEvent,108,undefined2 SpawnPendingEvent(undefined2 p0)
03F7C8,EvictEventSlots_03f7c8,456,undefined EvictEventSlots_03f7c8(void)
03F8AC,Event_ConsumeTrigger,286,undefined2 Event_ConsumeTrigger(undefined2 p0)
03F93B,FindPendingEventNearPosition,36,undefined2 FindPendingEventNearPosition(undefined2 p0)
03F94D,ProcessEventTriggers_03f94d,282,undefined2 ProcessEventTriggers_03f94d(void)
03F9DA,IsPendingEventItemNearPosition,44,undefined2 IsPendingEventItemNearPosition(undefined2 p0)
03F9F0,FindPendingEventA_03f9f0,122,undefined2 FindPendingEventA_03f9f0(void)
03FA2D,FindPendingEventB_03fa2d,16,undefined2 FindPendingEventB_03fa2d(void)
03FA35,ReturnZeroStub_03fa35,8,undefined2 ReturnZeroStub_03fa35(void)
03FA39,ClearPendingEventMarkerForItem,76,"void ClearPendingEventMarkerForItem(int areaTier, undefined2 itemId, ushort slotIndex)"
03FA5F,UpdateDigHoleVisuals,484,undefined2 UpdateDigHoleVisuals(undefined2 p0)
03FB51,ConsumeAllFlaggedPendingEvents,16,void ConsumeAllFlaggedPendingEvents(void)
03FB59,ConsumeAllEventTriggersC_03fb59,62,undefined ConsumeAllEventTriggersC_03fb59(void)
03FB78,DrawAllMapMarkers,242,undefined2 DrawAllMapMarkers(undefined2 p0)
03FBF1,FindNearestMapMarker,808,undefined2 FindNearestMapMarker(undefined2 p0)
03FD85,ReturnVoidStub_03fd85,6,undefined ReturnVoidStub_03fd85(void)
03FD88,ConsumeAllInactivePendingEvents,16,undefined ConsumeAllInactivePendingEvents(void)
03FD90,ConsumeAllEventTriggersD_03fd90,62,undefined ConsumeAllEventTriggersD_03fd90(void)
03FDAF,ConsumeUnflaggedPendingEventsForArea,114,void ConsumeUnflaggedPendingEventsForArea(int areaTier)
03FDE8,Event_FindPendingTrigger,138,undefined2 Event_FindPendingTrigger(undefined2 p0)
03FE2D,GetEventItemId,30,undefined2 GetEventItemId(undefined2 p0)
03FE3C,GetPendingEventPosX,30,undefined2 GetPendingEventPosX(ushort slotIndex)
03FE4B,GetPendingEventPosY,30,undefined2 GetPendingEventPosY(ushort slotIndex)
03FE5A,GetEventTypeForTrigger,30,undefined2 GetEventTypeForTrigger(undefined2 p0)
03FE69,GetPendingEventItemTileWidth,48,undefined2 GetPendingEventItemTileWidth(ushort slotIndex)
03FE81,IsSpawnSlotOccupiedByItem,36,undefined2 IsSpawnSlotOccupiedByItem(undefined2 p0)
03FE93,FindEventByPropertyA_03fe93,64,undefined2 FindEventByPropertyA_03fe93(void)
03FEB3,FindEventByPropertyB_03feb3,16,undefined2 FindEventByPropertyB_03feb3(void)
03FEBB,ReturnNegOneStub_03febb,8,undefined2 ReturnNegOneStub_03febb(void)
03FEBF,HasNearbyEventOfType,88,undefined2 HasNearbyEventOfType(undefined2 p0)
03FEEB,IterateEventsA_03feeb,104,undefined2 IterateEventsA_03feeb(void)
03FF1F,CountPendingEventsForArea,20,int CountPendingEventsForArea(int areaTier)
03FF29,IterateEventsB_03ff29,60,undefined2 IterateEventsB_03ff29(void)
03FF47,GetMaxPendingEventsForArea,30,undefined2 GetMaxPendingEventsForArea(ushort areaTier)
03FF56,GetEventCategoryMaxCount,30,undefined2 GetEventCategoryMaxCount(undefined2 p0)
03FF65,SetTextLayoutTableBase,16,void SetTextLayoutTableBase(undefined2 tableBase)
03FF6D,DecodeTextResource,264,undefined2 DecodeTextResource(undefined2 p0)
03FFF1,CopyWords,30,"void CopyWords(undefined2 * dest, undefined2 * src, int count)"
045316,DrawNumberedSelectableList,226,void DrawNumberedSelectableList(int * listData)
045387,MoveListSelectionWithWrap,78,"void MoveListSelectionWithWrap(int * listData, int delta)"
0453AE,HandleListSelectionInput,62,"undefined2 HandleListSelectionInput(int * listData, int inputCode)"
0453CD,GetSequenceStepTextId,78,undefined2 GetSequenceStepTextId(int step)
0453F4,Return9AEStub_0453f4,8,undefined2 Return9AEStub_0453f4(void)
0453F8,GetButtonTestIconOffsetX,98,undefined2 GetButtonTestIconOffsetX(int buttonId)
045429,GetButtonTestIconOffsetY,66,undefined2 GetButtonTestIconOffsetY(int buttonId)
04544A,ButtonTestScreen,290,undefined ButtonTestScreen(void)
0454DB,RunButtonTestLoop,282,void RunButtonTestLoop(void)
045568,TickButtonTestScreenLoop_045568,678,undefined TickButtonTestScreenLoop_045568(void)
0456BB,SoundTestIndexIncrement,34,int SoundTestIndexIncrement(int soundId)
0456CC,SoundTestIndexDecrement,36,int SoundTestIndexDecrement(int soundId)
0456DE,SoundTestPlaySelected,112,undefined2 SoundTestPlaySelected(int soundId)
045716,SoundTestScreen,534,undefined2 SoundTestScreen(undefined2 p0)
045821,RunSoundTestLoop,216,undefined RunSoundTestLoop(void)
04588D,TickSoundTestScreenLoop_04588d,204,undefined TickSoundTestScreenLoop_04588d(void)
0458F3,ReturnVoidStub_0458f3,6,undefined ReturnVoidStub_0458f3(void)
0458F6,TestRomChecksum,118,undefined2 TestRomChecksum(void)
045931,ReturnZeroStub_045931,8,undefined2 ReturnZeroStub_045931(void)
045935,TestEeprom,180,int TestEeprom(void)
04598F,RunMemoryTestLoop,84,undefined RunMemoryTestLoop(void)
0459B9,TickHardwareTestScreenLoop_0459b9,636,undefined TickHardwareTestScreenLoop_0459b9(void)
045AF7,ReturnVoidStub_045af7,6,undefined ReturnVoidStub_045af7(void)
045AFA,RunPetCarrierTestLoop,722,void RunPetCarrierTestLoop(void)
045C63,RunHandheldLinkTestLoop,446,void RunHandheldLinkTestLoop(void)
045D42,RunVideoTestLoop,56,void RunVideoTestLoop(void)
045D5E,TickHandheldLinkTestScreenLoop_045d5e,126,undefined TickHandheldLinkTestScreenLoop_045d5e(void)
045D9D,TestModeMenu,544,undefined TestModeMenu(void)
045EB0,InitMiniPetState,64,void InitMiniPetState(void)
045ED0,InitMiniPetZapAnimation,220,"void InitMiniPetZapAnimation(undefined2 startX, int startY, int useAltAnim)"
045F3E,GetMiniPetTrailFreeSpace,50,int GetMiniPetTrailFreeSpace(void)
045F57,PlayMiniPetAnimForRoom,96,undefined2 PlayMiniPetAnimForRoom(undefined2 p0)
045F87,PlayMiniPetFoundItemReaction,490,void PlayMiniPetFoundItemReaction(void)
04607C,PlayMiniPetNoItemReaction,492,undefined2 PlayMiniPetNoItemReaction(undefined2 p0)
046172,FeedOrAdvanceMiniPet,410,void FeedOrAdvanceMiniPet(void)
04623F,TickMiniPetZapAndFollowState,830,undefined2 TickMiniPetZapAndFollowState(undefined2 p0)
0463DE,TickMiniPetSpriteAnim,366,void TickMiniPetSpriteAnim(void)
046495,GetMiniPetTrailReadX,24,undefined2 GetMiniPetTrailReadX(void)
0464A1,GetMiniPetTrailReadY,24,undefined2 GetMiniPetTrailReadY(void)
0464AD,DrawMiniPetSpriteAtPosition,310,"void DrawMiniPetSpriteAtPosition(undefined2 worldX, int worldY)"
046548,DrawMiniPetAtTrailPosition,264,void DrawMiniPetAtTrailPosition(void)
0465CC,PlayMiniPetWalkAnim,310,undefined2 PlayMiniPetWalkAnim(undefined2 p0)
046667,PlayMiniPetZapAnimAlt,116,undefined2 PlayMiniPetZapAnimAlt(undefined2 p0)
0466A1,PlayMiniPetIdleAnim,310,undefined2 PlayMiniPetIdleAnim(undefined2 p0)
04673C,PlayMiniPetFoundItemAnim_Main,252,undefined2 PlayMiniPetFoundItemAnim_Main(undefined2 p0)
0467BA,PlayMiniPetFoundItemAnim_Intro,260,undefined2 PlayMiniPetFoundItemAnim_Intro(undefined2 p0)
04683C,PlayMiniPetNoItemAnim_Main,238,undefined2 PlayMiniPetNoItemAnim_Main(undefined2 p0)
0468B3,PlayMiniPetNoItemAnim_Intro,268,undefined2 PlayMiniPetNoItemAnim_Intro(undefined2 p0)
046939,PlayMiniPetAnimation,92,void PlayMiniPetAnimation(void)
046967,PlayMiniPetSound,76,undefined2 PlayMiniPetSound(undefined2 p0)
04698D,IsMiniPetTrackingEnabled,24,bool IsMiniPetTrackingEnabled(void)
046999,SetMiniPetReactionIndicatorActive,38,void SetMiniPetReactionIndicatorActive(int active)
0469AC,UpdateAndGetMiniPetReactionIndicator,46,uint UpdateAndGetMiniPetReactionIndicator(void)
0469C3,GetMiniPetSpriteWidth,82,int GetMiniPetSpriteWidth(void)
0469EC,CartWaitTick,30,void CartWaitTick(void)
0469FB,Cart_SuspendAudioForTiming,92,void Cart_SuspendAudioForTiming(void)
046A29,Cart_RestoreAudioAfterTiming,34,void Cart_RestoreAudioAfterTiming(void)
046A3A,Cart_BeginReadSession,64,void Cart_BeginReadSession(void)
046A5A,Cart_EndReadSession,42,void Cart_EndReadSession(void)
046A6F,Cart_UpdateConnectionStatusFlags,54,void Cart_UpdateConnectionStatusFlags(void)
046A8A,Cart_ResetInterfaceHardware,108,void Cart_ResetInterfaceHardware(void)
046AC0,Cart_ReadBytes,106,undefined Cart_ReadBytes(void)
046AF5,LinkCableReadA_046af5,38,undefined LinkCableReadA_046af5(void)
046B08,LinkCableReadB_046b08,484,undefined LinkCableReadB_046b08(void)
046BFA,LinkCableEndSessionA_046bfa,8,undefined LinkCableEndSessionA_046bfa(void)
046BFE,LinkCableEndSessionB_046bfe,8,undefined LinkCableEndSessionB_046bfe(void)
046C02,LinkCableEndSessionC_046c02,8,undefined LinkCableEndSessionC_046c02(void)
046C06,LinkCableEndSessionD_046c06,8,undefined LinkCableEndSessionD_046c06(void)
046C0A,SetLinkReadSuccess_046c0a,30,undefined SetLinkReadSuccess_046c0a(void)
046C19,Cart_WriteBytes,112,undefined Cart_WriteBytes(void)
046C51,LinkCableReadC_046c51,382,undefined LinkCableReadC_046c51(void)
046D10,Cart_ClampReadStatus,28,void Cart_ClampReadStatus(void)
046D1E,Cart_InitInterfaceRegisters,76,void Cart_InitInterfaceRegisters(void)
046D44,Cart_ResetTimingCountersAndEnable,38,void Cart_ResetTimingCountersAndEnable(void)
046D57,Cart_AdvanceTimingStep,42,void Cart_AdvanceTimingStep(void)
046D6C,Cart_ArmTimeoutAndWaitTick,38,void Cart_ArmTimeoutAndWaitTick(void)
046D7F,Cart_ConsumeStatusChangeAndWait,56,void Cart_ConsumeStatusChangeAndWait(void)
046D9B,Link_UpdateAndSync,904,undefined Link_UpdateAndSync(void)
046F5F,CheckLinkFeatureAvailability_046f5f,46,undefined CheckLinkFeatureAvailability_046f5f(void)
046F76,Link_HangTrap,10,void Link_HangTrap(void)
046F7D,GetMiniPetState,14,undefined2 GetMiniPetState(void)
046F84,Cart_DecodeNameBuffer,92,void Cart_DecodeNameBuffer(int outBuffer)
046FB2,Cart_PackWordValue,28,uint Cart_PackWordValue(void)
046FC0,GetMiniPetHalosStat,28,uint GetMiniPetHalosStat(void)
046FCE,GetMiniPetPitchforksStat,28,uint GetMiniPetPitchforksStat(void)
046FDC,GetMiniPetStarsStat,28,uint GetMiniPetStarsStat(void)
046FEA,GetMiniPetLightbulbsStat,28,uint GetMiniPetLightbulbsStat(void)
046FF8,GetMiniPetReactionIndicatorValue,14,undefined2 GetMiniPetReactionIndicatorValue(void)
046FFF,Cart_GetUnknownField1,14,undefined2 Cart_GetUnknownField1(void)
047006,Item_GetUniqueSlotCounter,920,undefined2 Item_GetUniqueSlotCounter(undefined2 p0)
0471D2,Cart_UnpackWordValue,28,void Cart_UnpackWordValue(uint value)
0471E0,SetMiniPetHalosStat,28,void SetMiniPetHalosStat(uint value)
0471EE,SetMiniPetPitchforksStat,28,void SetMiniPetPitchforksStat(uint value)
0471FC,SetMiniPetStarsStat,28,void SetMiniPetStarsStat(uint value)
04720A,SetMiniPetLightbulbsStat,28,void SetMiniPetLightbulbsStat(uint value)
047218,SetMiniPetReactionIndicatorValue,16,void SetMiniPetReactionIndicatorValue(undefined2 value)
047220,Cart_SetUnknownField1,16,void Cart_SetUnknownField1(undefined2 value)
047228,Item_SetUniqueSlotCounter,946,undefined2 Item_SetUniqueSlotCounter(undefined2 p0)
047401,RunHandheldLinkHandshake,522,undefined2 RunHandheldLinkHandshake(void)
047506,InitDialogueBoxStruct,464,undefined2 InitDialogueBoxStruct(undefined2 p0)
0475EE,OpenDialogueWindow,340,undefined2 OpenDialogueWindow(undefined2 p0)
047698,EmptyStub_047698,10,void EmptyStub_047698(void)
04769D,AdvanceMiniPetConnectionState,68,undefined AdvanceMiniPetConnectionState(void)
0476BF,HandleDraggableUIWidget,1286,undefined2 HandleDraggableUIWidget(undefined2 p0)
047942,IsRectOnScreen,132,undefined2 IsRectOnScreen(undefined2 p0)
047984,ReturnZeroStub_047984,8,undefined2 ReturnZeroStub_047984(void)
047988,RenderActiveDialogueWindow,1754,undefined RenderActiveDialogueWindow(void)
047CF5,GetDialogueStructFieldD,16,undefined2 GetDialogueStructFieldD(int dialogueStruct)
047CFD,ResetMiniPetConnectAndDecrementCounter,150,"int ResetMiniPetConnectAndDecrementCounter(int dialogueStruct, int optionIndex)"
047D48,CloseMiniPetConnectPrompt,20,void CloseMiniPetConnectPrompt(void)
047D52,SetDialogueRewardIds,36,undefined2 SetDialogueRewardIds(undefined2 p0)
047D64,SetDialogueQuantityPicker,56,undefined2 SetDialogueQuantityPicker(undefined2 p0)
047D80,SetDialogueBoxPosition,36,"void SetDialogueBoxPosition(int dialogueStruct, undefined2 x, undefined2 y)"
047D92,PrepareDialogueMessage,56,undefined2 PrepareDialogueMessage(undefined2 p0)
047DAE,InitDialogueBoxLoopA_047dae,116,undefined InitDialogueBoxLoopA_047dae(void)
047DE8,InitDialogueBoxWithSpeciesPortrait,64,undefined2 InitDialogueBoxWithSpeciesPortrait(undefined2 p0)
047E08,InitDialogueBoxLoopB_047e08,134,undefined InitDialogueBoxLoopB_047e08(void)
047E4B,SetDialogueBoxPosition,28,undefined2 SetDialogueBoxPosition(undefined2 p0)
047E59,SetDialogueBoxPositionForStage,294,undefined SetDialogueBoxPositionForStage(void)
047EEC,TryShowContextualStoryText,214,"undefined2 TryShowContextualStoryText(int param_1, undefined2 param_2, undefined2 * param_3)"
047F57,DecodeAndOpenDialogue_047f57,34,undefined2 DecodeAndOpenDialogue_047f57(void)
047F68,Bignum_DivStep,778,"undefined2 Bignum_DivStep(undefined2 p0, undefined2 p1)"
0480ED,FloatToString,4186,"int * FloatToString(undefined2 param_1, int param_2, uint param_3, undefined2 param_4, undefined2 param_5, undefined2 param_6, undefined2 param_7, undefined2 param_8)"
04891A,ResetPetStatsAndOdds,70,undefined ResetPetStatsAndOdds(void)
04893D,AdjustPersonalityStat,340,"void AdjustPersonalityStat(PersonalityStatIndex statIndex, uint delta)"
0489E7,GetPersonalityStat,18,undefined2 GetPersonalityStat(undefined2 p0)
0489F0,SetActiveIllness,56,undefined2 SetActiveIllness(undefined2 p0)
048A0C,GetIllnessAsciiCode,124,undefined2 GetIllnessAsciiCode(undefined2 p0)
048A4A,SetTricksKnownAndRerollTraits,66,undefined2 SetTricksKnownAndRerollTraits(undefined2 p0)
048A6B,IsPetHealthy,28,uint IsPetHealthy(void)
048A79,AdjustCareStat,104,undefined2 AdjustCareStat(undefined2 p0)
048AAD,GetOddsTableValue,18,undefined2 GetOddsTableValue(undefined2 p0)
048AB6,IsHappinessLow,28,bool IsHappinessLow(void)
048AC4,GetPersonalityStatDelta,54,undefined2 GetPersonalityStatDelta(undefined2 p0)
048ADF,ReturnZeroStub_048adf,8,undefined2 ReturnZeroStub_048adf(void)
048AE3,ClassifyReactionCategory,208,undefined2 ClassifyReactionCategory(undefined2 p0)
048B4B,Return5Stub_048b4b,6,undefined2 Return5Stub_048b4b(void)
048B4E,CheckActionConditionA_048b4e,78,undefined2 CheckActionConditionA_048b4e(void)
048B75,Return2Stub_048b75,6,undefined2 Return2Stub_048b75(void)
048B78,CheckActionConditionB_048b78,66,undefined2 CheckActionConditionB_048b78(void)
048B99,Return6Stub_048b99,6,undefined2 Return6Stub_048b99(void)
048B9C,Return1Stub_048b9c,8,undefined2 Return1Stub_048b9c(void)
048BA0,ClassifyCompatibilityReaction,208,undefined2 ClassifyCompatibilityReaction(undefined2 p0)
048C08,Return5Stub_048c08,6,undefined2 Return5Stub_048c08(void)
048C0B,CheckActionConditionC_048c0b,84,undefined2 CheckActionConditionC_048c0b(void)
048C35,Return2Stub_048c35,6,undefined2 Return2Stub_048c35(void)
048C38,CheckActionConditionD_048c38,66,undefined2 CheckActionConditionD_048c38(void)
048C59,Return6Stub_048c59,6,undefined2 Return6Stub_048c59(void)
048C5C,Return1Stub_048c5c,8,undefined2 Return1Stub_048c5c(void)
048C60,GetHealthLabel,70,undefined GetHealthLabel(void)
048C83,FindMatchInArrayA_048c83,10,undefined FindMatchInArrayA_048c83(void)
048C88,ReturnVoidStub_048c88,6,undefined ReturnVoidStub_048c88(void)
048C8B,GetHungerLabel,70,undefined GetHungerLabel(void)
048CAE,FindMatchInArrayB_048cae,10,undefined FindMatchInArrayB_048cae(void)
048CB3,ReturnVoidStub_048cb3,6,undefined ReturnVoidStub_048cb3(void)
048CB6,GetHappinessLabel,70,undefined GetHappinessLabel(void)
048CD9,FindMatchInArrayC_048cd9,10,undefined FindMatchInArrayC_048cd9(void)
048CDE,ReturnVoidStub_048cde,6,undefined ReturnVoidStub_048cde(void)
048CE1,GetCleanlinessLabel,70,undefined GetCleanlinessLabel(void)
048D04,FindMatchInArrayD_048d04,10,undefined FindMatchInArrayD_048d04(void)
048D09,ReturnVoidStub_048d09,6,undefined ReturnVoidStub_048d09(void)
048D0C,GetIllnessLabel,20,undefined2 GetIllnessLabel(void)
048D16,GetTirednessLabel,70,undefined GetTirednessLabel(void)
048D39,FindMatchInArrayE_048d39,10,undefined FindMatchInArrayE_048d39(void)
048D3E,ReturnVoidStub_048d3e,6,undefined ReturnVoidStub_048d3e(void)
048D41,GetActiveIllnessId,14,undefined2 GetActiveIllnessId(void)
048D48,GetTricksKnownCount,14,undefined2 GetTricksKnownCount(void)
048D4F,RollRandomIllnessId,156,undefined2 RollRandomIllnessId(undefined2 p0)
048D9D,RollPetPrizeId,98,undefined2 RollPetPrizeId(int category)
048DCE,DrawPetStatsScreen,124,undefined DrawPetStatsScreen(void)
048E0C,TickStatsScreenLoop_048e0c,1520,undefined TickStatsScreenLoop_048e0c(void)
049104,SavePetStatsToSlot,248,undefined SavePetStatsToSlot(void)
049180,LoadPetCareStatsFromSave,308,undefined2 LoadPetCareStatsFromSave(undefined2 p0)
04921A,Bignum_AllocBlock,152,int Bignum_AllocBlock(void)
049266,Bignum_FreeBlock,48,void Bignum_FreeBlock(void)
04927E,Bignum_MulAddDigit,342,int Bignum_MulAddDigit(void)
049329,Bignum_FromDecimalString,260,int Bignum_FromDecimalString(void)
0493AB,CountLeadingZeros,130,"undefined2 CountLeadingZeros(undefined2 p0, undefined2 p1)"
0493EC,NormalizeMantissaShift,206,int NormalizeMantissaShift(uint * value32)
049453,Bignum_FromInt,68,int Bignum_FromInt(void)
049475,Bignum_Multiply,1006,undefined2 Bignum_Multiply(undefined2 p0)
04966C,Bignum_MulPow5,208,undefined2 Bignum_MulPow5(undefined2 p0)
0496D4,Cart_PollTick,328,undefined2 Cart_PollTick(undefined2 p0)
049778,Bignum_Compare,138,undefined2 Bignum_Compare(undefined2 p0)
0497BD,Bignum_Subtract,722,undefined2 Bignum_Subtract(undefined2 p0)
049926,SoftFloat_ComputeExponentShift,130,"undefined6 SoftFloat_ComputeExponentShift(undefined2 mantissa, uint exponentBits)"
049967,SoftFloat_NormalizeToFloatBits,214,"undefined4 SoftFloat_NormalizeToFloatBits(int srcValue, int * outShiftAmount)"
0499D2,SoftFloat_UnpackToBignum,216,"int SoftFloat_UnpackToBignum(undefined2 sign, uint mantissaBits, uint exponentBits, int * outExponent, int * outShift)"
049A3E,Bignum_AlignAndDivide,166,"void Bignum_AlignAndDivide(int dividend, int divisor)"
049A91,Pow10AsFloat,84,undefined2 Pow10AsFloat(undefined2 p0)
049ABB,GetAnimFrameOffset_B,518,undefined2 GetAnimFrameOffset_B(undefined2 p0)
049BBE,GetAnimFrameOffset_A,512,undefined2 GetAnimFrameOffset_A(undefined2 p0)
049CBE,ResetBubblePool,50,undefined ResetBubblePool(void)
049CD7,SpawnMessageBubble,426,undefined2 SpawnMessageBubble(undefined2 p0)
049DAC,ReturnVoidStub_049dac,6,undefined ReturnVoidStub_049dac(void)
049DAF,IsBubbleFinished,48,undefined2 IsBubbleFinished(undefined2 p0)
049DC7,UpdateBubbleStateMachine,100,undefined2 UpdateBubbleStateMachine(undefined2 p0)
049DF9,TickBubbles_049df9,1386,undefined TickBubbles_049df9(void)
04A0AE,ReturnVoidStub_04a0ae,6,undefined ReturnVoidStub_04a0ae(void)
04A0B1,FreeBubbleSlot,54,undefined2 FreeBubbleSlot(undefined2 p0)
04A0CC,DrawActiveBubbles,488,undefined2 DrawActiveBubbles(undefined2 p0)
04A1C0,ReturnVoidStub_04a1c0,6,undefined ReturnVoidStub_04a1c0(void)
04A1C3,DrawBubblesForRoom,100,void DrawBubblesForRoom(int roomId)
04A1F5,Sprite_UpdateAndDraw,458,undefined2 Sprite_UpdateAndDraw(undefined2 p0)
04A2DA,GetBubbleSlotState,46,undefined2 GetBubbleSlotState(int slotIndex)
04A2F1,HasActiveBubbleForId,82,undefined2 HasActiveBubbleForId(int ownerId)
04A31A,FindNextBubbleSlot_04a31a,18,undefined2 FindNextBubbleSlot_04a31a(void)
04A323,BeginPetIdleMovementState,62,void BeginPetIdleMovementState(int mode)
04A342,HandleMainMenuInput,78,undefined2 HandleMainMenuInput(undefined2 p0)
04A369,HandleTrickMenuInput_04a369,2130,undefined HandleTrickMenuInput_04a369(void)
04A792,PlayBusyFeedbackFX,184,undefined2 PlayBusyFeedbackFX(undefined2 p0)
04A7EE,PlayPetIdleMovementAnim,106,void PlayPetIdleMovementAnim(void)
04A823,AdvancePetBusyStateTo3,126,void AdvancePetBusyStateTo3(undefined2 * outState)
04A862,HandleTrickAction,190,void HandleTrickAction(undefined2 * param_1)
04A8C1,HandleTrickAction_Unused,184,void HandleTrickAction_Unused(undefined2 * param_1)
04A91D,AdvancePetBusyStateMachine,122,void AdvancePetBusyStateMachine(void)
04A95A,RenderPetTrickMenuOverlay,626,void RenderPetTrickMenuOverlay(void)
04AA93,AdvanceMenuCursorSelection,96,"void AdvanceMenuCursorSelection(int direction, int allowMove)"
04AAC3,AdvanceTrickMenuCursor_04aac3,96,undefined AdvanceTrickMenuCursor_04aac3(void)
04AAF3,IsPetInteractable,28,bool IsPetInteractable(void)
04AB01,StartHealActivity_Unused,48,void StartHealActivity_Unused(int param_1)
04AB19,EnterActivityAndRunLoop,2682,"undefined EnterActivityAndRunLoop(undefined2 param_1, undefined2 param_2, undefined2 param_3)"
04B056,RenderWorldItemSprites,298,"void RenderWorldItemSprites(undefined2 itemSlotArrayBase, undefined2 param_2, undefined2 param_3, undefined2 renderLayer)"
04B0EB,RenderSceneDecorationSprites,594,"void RenderSceneDecorationSprites(undefined2 itemSlotArrayBase, int sceneIndex, undefined2 param_3, undefined2 param_4, undefined2 renderLayer, int param_6, int viewportYMin, int viewportYMax)"
04B214,ReturnVoidStub_04b214,6,undefined ReturnVoidStub_04b214(void)
04B217,FindDecorationNearPetX,58,"void FindDecorationNearPetX(int sceneIndex, uint xPos, undefined2 param_3, int enabled)"
04B234,RenderViewportItem_04b234,150,undefined RenderViewportItem_04b234(void)
04B27F,ReturnVoidStub_04b27f,6,undefined ReturnVoidStub_04b27f(void)
04B282,RemapZoneIndexToAudioId,106,undefined2 RemapZoneIndexToAudioId(undefined2 p0)
04B2B7,RemapSparseIdToIndex_Unused,92,undefined2 RemapSparseIdToIndex_Unused(undefined2 p0)
04B2E5,IsCurrentSaveSlot,74,undefined2 IsCurrentSaveSlot(undefined2 p0)
04B30A,ReturnZeroStub_04b30a,6,undefined2 ReturnZeroStub_04b30a(void)
04B30D,Music_SequencerTick,86,undefined Music_SequencerTick(void)
04B338,TickSoundSequencer_04b338,272,undefined2 TickSoundSequencer_04b338(void)
04B40E,ConcatBytesB_04b40e,16,undefined8 ConcatBytesB_04b40e(void)
04B416,ConcatBytesC_04b416,16,undefined8 ConcatBytesC_04b416(void)
04B41E,SoundChannel_NoteOn,202,undefined SoundChannel_NoteOn(void)
04B483,Sound_StartPlayback,78,undefined Sound_StartPlayback(void)
04B4ED,Sound_StopAllChannels,118,undefined Sound_StopAllChannels(void)
04B528,SoundChannel_TriggerVoice_A,130,"undefined2 SoundChannel_TriggerVoice_A(undefined2 p0, undefined2 p1, undefined2 p2, undefined2 p3, undefined2 p4)"
04B569,SoundChannel_TriggerVoice_B,128,"undefined2 SoundChannel_TriggerVoice_B(undefined2 p0, undefined2 p1, undefined2 p2, undefined2 p3, undefined2 p4, undefined2 p5)"
04B5A9,SoundChannel_TriggerVoice,388,undefined SoundChannel_TriggerVoice(void)
04B66B,SoundChannel_NoteOn_Percussion,70,undefined SoundChannel_NoteOn_Percussion(void)
04B68E,SoundChannel_AllocateAndTriggerVoice,122,"undefined2 SoundChannel_AllocateAndTriggerVoice(undefined2 p0, undefined2 p1, undefined2 p2, undefined2 p3)"
04B6CB,SoundChannel_TriggerVoiceAtSlot_Unused,120,"undefined2 SoundChannel_TriggerVoiceAtSlot_Unused(undefined2 p0, undefined2 p1, undefined2 p2, undefined2 p3, undefined2 p4)"
04B707,SoundChannelD_DisableRegister,40,undefined2 SoundChannelD_DisableRegister(undefined2 p0)
04B71B,SoundChannel_TriggerPercussionVoice,252,undefined SoundChannel_TriggerPercussionVoice(void)
04B799,SoundChannel_SetVoicePitchRegisters,40,undefined SoundChannel_SetVoicePitchRegisters(void)
04B7AD,Music_ReadNextSongByte,48,undefined4 Music_ReadNextSongByte(void)
04B7C5,SoundChannel_GetPlaybackFlags,10,undefined2 SoundChannel_GetPlaybackFlags(void)
04B7CA,SoundChannel_AllocateVoice,188,undefined SoundChannel_AllocateVoice(void)
04B841,SoundSequencer_FindMinChannelDelay,50,uint SoundSequencer_FindMinChannelDelay(void)
04B85A,SoundSequencer_AdvanceChannelTimers,90,uint SoundSequencer_AdvanceChannelTimers(void)
04B887,Sound_InitRegisters,106,undefined Sound_InitRegisters(void)
04B8BC,SoundSequencer_SetChannelEnableMask,16,"undefined2 SoundSequencer_SetChannelEnableMask(undefined2 p0, undefined2 p1)"
04B8C4,SoundChannel_GetBankBaseFlags,10,undefined2 SoundChannel_GetBankBaseFlags(void)
04B8C9,SoundChannel_IsVoiceFree,38,undefined2 SoundChannel_IsVoiceFree(undefined2 p0)
04B8DC,SoundSequencer_SetTickCallback_Unused,38,undefined2 SoundSequencer_SetTickCallback_Unused(undefined2 p0)
04B8FB,PackVoicePanVolWord,34,uint PackVoicePanVolWord(void)
04B90C,WriteHardwareVolumeRegister,20,undefined2 WriteHardwareVolumeRegister(undefined2 p0)
04B916,CopyInstrumentParamsToVoiceBuffer,56,undefined CopyInstrumentParamsToVoiceBuffer(void)
04B93A,SoundSequencer_SetChannelVolume_Unused,26,"undefined2 SoundSequencer_SetChannelVolume_Unused(undefined2 p0, undefined2 p1)"
04B957,SoundEngine_SetHardwareRateRegister_Unused,32,"undefined2 SoundEngine_SetHardwareRateRegister_Unused(undefined2 p0, undefined2 p1)"
04B967,SoundEngine_SetRateRegisterFromRemainder_Unused,58,undefined2 SoundEngine_SetRateRegisterFromRemainder_Unused(undefined2 p0)
04B9C5,Input_InitButtonState,1180,undefined Input_InitButtonState(void)
04BC13,ApplyGpioPortMaskUpdates_Unused,350,undefined ApplyGpioPortMaskUpdates_Unused(void)
04BCC2,PollInputEvents,1208,undefined2 PollInputEvents(undefined2 p0)
04BF1E,PollSingleButtonEvent,56,undefined2 PollSingleButtonEvent(void)
04BF3A,CheckIdleTimeElapsed,142,undefined CheckIdleTimeElapsed(void)
04BF81,IsButtonHeld,40,undefined2 IsButtonHeld(undefined2 p0)
04BF95,ClearTileBufferToBlank,88,undefined ClearTileBufferToBlank(void)
04BFC1,InitAreaTilemap,106,undefined2 InitAreaTilemap(undefined2 p0)
04BFF6,SetupGameSlot,126,undefined2 SetupGameSlot(undefined2 p0)
04C035,SetAreaPositionX,184,undefined2 SetAreaPositionX(undefined2 p0)
04C091,GetSlotParam1,36,undefined2 GetSlotParam1(undefined2 p0)
04C0A3,SetAreaPositionY,92,undefined2 SetAreaPositionY(undefined2 p0)
04C0D1,GetSlotParam2,36,undefined2 GetSlotParam2(undefined2 p0)
04C0E3,UNUSED_SetSlotFlags,130,undefined2 UNUSED_SetSlotFlags(undefined2 p0)
04C124,UNUSED_ClearSlotFlags,146,undefined2 UNUSED_ClearSlotFlags(undefined2 p0)
04C16D,OnSlotFirstInit,10,undefined OnSlotFirstInit(void)
04C172,ClearActiveSpriteSlotAndResume,30,undefined ClearActiveSpriteSlotAndResume(void)
04C181,UNUSED_FindOrInitSlotFlag,178,"undefined2 UNUSED_FindOrInitSlotFlag(undefined2 p0, undefined2 p1)"
04C1DA,GetActiveSpriteSlotValueOrZero,54,undefined2 GetActiveSpriteSlotValueOrZero(void)
04C1F5,InsertIntoSlotItemList,144,undefined2 InsertIntoSlotItemList(undefined2 p0)
04C23D,TriggerRedrawIfActiveSlot_04c23d,24,undefined TriggerRedrawIfActiveSlot_04c23d(void)
04C249,RemoveItemFromSlotItemList,214,undefined2 RemoveItemFromSlotItemList(undefined2 p0)
04C2B4,ClearSlotItemList,78,undefined2 ClearSlotItemList(undefined2 p0)
04C2DB,SlotItemListContains,96,undefined2 SlotItemListContains(undefined2 p0)
04C30B,ReturnZeroStub_04c30b,8,undefined2 ReturnZeroStub_04c30b(void)
04C30F,DrawActiveSlotSprites,506,int DrawActiveSlotSprites(void)
04C40C,ReturnVoidStub_04c40c,28,undefined ReturnVoidStub_04c40c(void)
04C41A,OnSlotResume,10,undefined OnSlotResume(void)
04C41F,InitScreenState,72,undefined2 InitScreenState(undefined2 p0)
04C443,InitScreenState_Alt,72,undefined2 InitScreenState_Alt(undefined2 p0)
04C467,BuildCharTileWidthArray,152,undefined2 BuildCharTileWidthArray(undefined2 p0)
04C4B3,ReturnVoidStub_04c4b3,6,undefined ReturnVoidStub_04c4b3(void)
04C4B6,BuildStringCharWidthArray,142,undefined2 BuildStringCharWidthArray(undefined2 p0)
04C4FD,ReturnVoidStub_04c4fd,6,undefined ReturnVoidStub_04c4fd(void)
04C500,MeasureTextWordFit,216,undefined2 MeasureTextWordFit(undefined2 p0)
04C674,CalculateWrappedTextHeight,72,undefined2 CalculateWrappedTextHeight(undefined2 p0)
04C698,CalculateWrappedTextHeight_04c698,318,undefined2 CalculateWrappedTextHeight_04c698(void)
04C737,DrawFormattedText(),90,undefined2 DrawFormattedText()(undefined2 p0)
04C764,DrawFormattedText__04c764,516,undefined2 DrawFormattedText__04c764(void)
04C866,DrawTextBox,104,undefined2 DrawTextBox(undefined2 p0)
04C89A,CalculateWrappedTextWidth,130,undefined2 CalculateWrappedTextWidth(undefined2 p0)
04C8DB,ReturnVoidStub_04c8db,18,undefined ReturnVoidStub_04c8db(void)
04C8E4,InitMapMarkerQueue,162,undefined InitMapMarkerQueue(void)
04C935,QueueMapMarkerSprite,220,undefined2 QueueMapMarkerSprite(undefined2 p0)
04C9A3,RenderRoomObjects,48,undefined2 RenderRoomObjects(undefined2 p0)
04C9BB,RenderAllWorldSprites_04c9bb,1726,undefined RenderAllWorldSprites_04c9bb(void)
04CD1A,InitPetRoomState,44,undefined InitPetRoomState(void)
04CD30,TickCareStatWatchdog,194,undefined2 TickCareStatWatchdog(undefined2 p0)
04CD91,TickCareStatWatchdogLoop_04cd91,1850,undefined TickCareStatWatchdogLoop_04cd91(void)
04D12E,ShowLowHungerMessage,34,undefined ShowLowHungerMessage(void)
04D13F,ShowPetNameEntryScreen,184,undefined ShowPetNameEntryScreen(void)
04D19B,TickNameEntryScreen_04d19b,788,undefined TickNameEntryScreen_04d19b(void)
04D325,HandleNameEntryInput,958,undefined2 HandleNameEntryInput(undefined2 p0)
04D504,IsNameNonBlank,38,undefined2 IsNameNonBlank(undefined2 p0)
04D517,Return1Stub_04d517,36,undefined2 Return1Stub_04d517(void)
04D529,Sound_PlayWithFadeTrigger,74,undefined2 Sound_PlayWithFadeTrigger(undefined2 p0)
04D54E,Sound_LookupAndStart,86,undefined2 Sound_LookupAndStart(undefined2 p0)
04D579,GetSavedVolumeLevel,14,undefined2 GetSavedVolumeLevel(void)
04D580,SetVolumeLevel,28,undefined2 SetVolumeLevel(undefined2 p0)
04D58E,GetMusicEnabled,14,undefined2 GetMusicEnabled(void)
04D595,SetMusicEnabled,28,undefined2 SetMusicEnabled(undefined2 p0)
04D5A3,FloatDivideHelper,230,undefined2 FloatDivideHelper(undefined2 p0)
04D616,Sound_InitSequencer,98,undefined Sound_InitSequencer(void)
04D647,UpdateActiveSoundChannels,326,undefined UpdateActiveSoundChannels(void)
04D6EA,Sound_TickVolumeFade,152,undefined Sound_TickVolumeFade(void)
04D736,Sound_SetFadeTarget,36,undefined Sound_SetFadeTarget(void)
04D748,UpdateChannelPitchCacheForId,112,undefined2 UpdateChannelPitchCacheForId(undefined2 p0)
04D780,UpdateAllChannelPitchCaches,104,"undefined2 UpdateAllChannelPitchCaches(undefined2 p0, undefined2 p1)"
04D7B4,ExitCurrentArea,20,undefined ExitCurrentArea(void)
04D7BE,RecalculateHardwareVolume,50,undefined2 RecalculateHardwareVolume(undefined2 p0)
04D7D7,SetMusicVolume,42,undefined2 SetMusicVolume(undefined2 p0)
04D7EC,SoundChannel_Stop,58,undefined2 SoundChannel_Stop(undefined2 p0)
04D809,SoundChannel_PlayNote,140,undefined2 SoundChannel_PlayNote(undefined2 p0)
04D84F,PlaySoundEffect,58,undefined2 PlaySoundEffect(undefined2 p0)
04D86C,StopSoundChannelsByTag,64,undefined2 StopSoundChannelsByTag(undefined2 p0)
04D88C,StopAllActiveSoundChannels,62,undefined StopAllActiveSoundChannels(void)
04D8AB,IsSoundIdActive,50,undefined2 IsSoundIdActive(undefined2 p0)
04D8C4,EnableEepromInterface,22,undefined EnableEepromInterface(void)
04D8CF,WriteSaveBlockToEeprom,14,undefined WriteSaveBlockToEeprom(void)
04D8D6,EepromWriteLoopA_04d8d6,42,undefined EepromWriteLoopA_04d8d6(void)
04D8EB,FlushPetDefRange,24,undefined2 FlushPetDefRange(undefined2 p0)
04D8F7,EepromWriteLoopB_04d8f7,40,undefined EepromWriteLoopB_04d8f7(void)
04D90B,ReadSaveBlockFromEeprom,62,undefined ReadSaveBlockFromEeprom(void)
04D92A,CheckSaveSignatureTag,74,undefined2 CheckSaveSignatureTag(void)
04D94F,WriteSaveFileHeader,68,undefined WriteSaveFileHeader(void)
04D971,ComputeSaveChecksum,70,undefined2 ComputeSaveChecksum(undefined2 p0)
04D994,VerifySaveSlotChecksum,98,undefined2 VerifySaveSlotChecksum(undefined2 p0)
04D9C5,ToggleEepromBitWithTimedDelay,484,undefined ToggleEepromBitWithTimedDelay(void)
04DAB7,InitSaveSystem,60,undefined InitSaveSystem(void)
04DAD5,WriteSaveSlotState,32,undefined WriteSaveSlotState(void)
04DAE5,ReadSaveSlotState,42,undefined ReadSaveSlotState(void)
04DAFA,CommitPetToSaveSlot,84,undefined2 CommitPetToSaveSlot(undefined2 p0)
04DB24,LoadSaveSlot,70,undefined2 LoadSaveSlot(undefined2 p0)
04DB47,LoadPetNameFromSlot,96,undefined2 LoadPetNameFromSlot(undefined2 p0)
04DB77,BackupPetDefTable,60,undefined BackupPetDefTable(void)
04DB95,RestorePetDefTable,60,undefined RestorePetDefTable(void)
04DBB3,CopySaveSlotData,110,undefined2 CopySaveSlotData(undefined2 p0)
04DBEA,RestoreSaveSlotFromBackup,106,undefined2 RestoreSaveSlotFromBackup(undefined2 p0)
04DC1F,RewriteSaveSignatureTag,50,undefined RewriteSaveSignatureTag(void)
04DC38,GetSpriteFrameCount,50,undefined2 GetSpriteFrameCount(undefined2 p0)
04DC51,PlaySpriteAnimation,270,"undefined PlaySpriteAnimation(SpriteAnimState * animState, undefined2 animId, undefined2 durationOverride, undefined2 ownerX, undefined2 ownerY, undefined2 frameRateOverride, undefined2 flags, undefined2 spriteBank)"
04DCD8,AdvanceSpriteAnimFrame,268,undefined2 AdvanceSpriteAnimFrame(undefined2 p0)
04DD5E,UpdateAnimFrameA_04dd5e,94,undefined UpdateAnimFrameA_04dd5e(void)
04DD8D,Sprite_RenderTile,688,undefined2 Sprite_RenderTile(undefined2 p0)
04DEE5,IsAnimationBusy,42,undefined2 IsAnimationBusy(undefined2 p0)
04DEFA,GetSpriteFrameTileId,24,short GetSpriteFrameTileId(void)
04DF06,GetSpriteFrameTileIdWithOffset,30,undefined2 GetSpriteFrameTileIdWithOffset(undefined2 p0)
04DF15,GetSpriteFrameScreenExtent,140,int GetSpriteFrameScreenExtent(void)
04DF5B,GetSpriteFrameTotalWidth,136,undefined2 GetSpriteFrameTotalWidth(undefined2 p0)
04DF9F,FormatNumberToString,348,"undefined2 FormatNumberToString(undefined2 p0, undefined2 p1)"
04E04D,BuildScientificNotationString,420,"undefined2 BuildScientificNotationString(undefined2 p0, undefined2 p1)"
04E11F,FormatFloatGeneral,644,"undefined2 FormatFloatGeneral(undefined2 p0, undefined2 p1)"
04E261,DispatchFloatFormatConversion,104,undefined2 DispatchFloatFormatConversion(undefined2 p0)
04E29E,HandleSaveA_04e29e,8,undefined HandleSaveA_04e29e(void)
04E2B3,CheckSaveDataA_04e2b3,98,undefined2 CheckSaveDataA_04e2b3(void)
04E2E4,SetSaveDataBase,22,undefined2 SetSaveDataBase(undefined2 p0)
04E2EF,SetSaveCursor,16,undefined2 SetSaveCursor(undefined2 p0)
04E2F7,WriteSaveWordsToStream,28,undefined2 WriteSaveWordsToStream(undefined2 p0)
04E305,WriteSaveBitsLoopA_04e305,40,undefined WriteSaveBitsLoopA_04e305(void)
04E319,ReadSaveWordArray,70,undefined2 ReadSaveWordArray(undefined2 p0)
04E33C,EncodeSavePackedText,28,undefined2 EncodeSavePackedText(undefined2 p0)
04E34A,WriteSaveNameString_04e34a,98,undefined WriteSaveNameString_04e34a(void)
04E37B,WriteByteBufferToSaveBits,28,undefined2 WriteByteBufferToSaveBits(undefined2 p0)
04E389,WriteSaveBitsLoopB_04e389,40,undefined WriteSaveBitsLoopB_04e389(void)
04E39D,ReadSaveBytes,70,undefined2 ReadSaveBytes(undefined2 p0)
04E3C0,DecodeSavePackedText,34,undefined2 DecodeSavePackedText(undefined2 p0)
04E3D1,CheckSaveBitsA_04e3d1,54,undefined CheckSaveBitsA_04e3d1(void)
04E3EC,ReturnVoidStub_04e3ec,6,undefined ReturnVoidStub_04e3ec(void)
04E3EF,WriteSaveBits,100,undefined2 WriteSaveBits(undefined2 p0)
04E421,EncodeValueBitsToSaveStream,100,undefined2 EncodeValueBitsToSaveStream(undefined2 p0)
04E453,ReadSaveBits,92,undefined2 ReadSaveBits(undefined2 p0)
04E481,DecodeSignedSaveBits,56,undefined2 DecodeSignedSaveBits(undefined2 p0)
04E49D,ExtractBitA_04e49d,34,undefined2 ExtractBitA_04e49d(void)
04E4AE,ExtractBitB_04e4ae,78,undefined2 ExtractBitB_04e4ae(void)
04E4D5,FillBufferWordPattern,78,undefined2 FillBufferWordPattern(undefined2 p0)
04E4FC,GetBitFromArray,74,undefined2 GetBitFromArray(undefined2 p0)
04E521,SetBitInArray,138,undefined2 SetBitInArray(undefined2 p0)
04E566,WriteSaveWordArrayFromDesc,72,undefined2 WriteSaveWordArrayFromDesc(undefined2 p0)
04E58A,LoadSaveWordBuffer,64,undefined2 LoadSaveWordBuffer(undefined2 p0)
04E5AA,FormatFloatScientific,348,"undefined2 FormatFloatScientific(undefined2 p0, undefined2 p1, undefined2 p2, undefined2 p3, undefined2 p4, undefined2 p5, undefined2 p6)"
04E658,FormatFloatToBuffer,280,"undefined2 FormatFloatToBuffer(undefined2 p0, undefined2 p1, undefined2 p2, undefined2 p3, undefined2 p4, undefined2 p5)"
04E6E4,FormatFloatToBuffer_Simple,214,"undefined2 FormatFloatToBuffer_Simple(undefined2 p0, undefined2 p1, undefined2 p2, undefined2 p3, undefined2 p4, undefined2 p5)"
04E74F,FormatFloatFixed,512,"undefined2 FormatFloatFixed(undefined2 p0, undefined2 p1, undefined2 p2, undefined2 p3, undefined2 p4, undefined2 p5, undefined2 p6)"
04E84F,PulseClockPin,46,undefined2 PulseClockPin(undefined2 p0)
04E866,ClockPulse,28,undefined2 ClockPulse(undefined2 p0)
04E874,Eeprom_SettleClockLow,46,undefined2 Eeprom_SettleClockLow(undefined2 p0)
04E88B,Eeprom_SettleClockHigh,44,undefined2 Eeprom_SettleClockHigh(undefined2 p0)
04E8A1,Eeprom_StartCommand,34,undefined Eeprom_StartCommand(void)
04E8B2,ReleaseEepromLines,52,undefined ReleaseEepromLines(void)
04E8CC,ShiftOutBits,30,undefined2 ShiftOutBits(undefined2 p0)
04E8DB,EepromWriteBitA_04e8db,76,undefined EepromWriteBitA_04e8db(void)
04E901,ReturnVoidStub_04e901,6,undefined ReturnVoidStub_04e901(void)
04E904,ClockInDataBit,48,undefined2 ClockInDataBit(void)
04E91C,Eeprom_WriteEnable,46,undefined Eeprom_WriteEnable(void)
04E933,Eeprom_WriteDisable,44,undefined Eeprom_WriteDisable(void)
04E949,WriteEepromWordAndWaitAck,100,undefined2 WriteEepromWordAndWaitAck(undefined2 p0)
04E97B,EepromReadBitsA_04e97b,70,bool EepromReadBitsA_04e97b(void)
04E99E,Eeprom_ReadWord,124,undefined2 Eeprom_ReadWord(undefined2 p0)
04E9DC,Eeprom_EraseWord,76,undefined2 Eeprom_EraseWord(undefined2 p0)
04EA02,EepromReadBitsB_04ea02,70,bool EepromReadBitsB_04ea02(void)
04EA25,Eeprom_EraseRange,132,undefined2 Eeprom_EraseRange(undefined2 p0)
04EA67,WriteAndVerifyEepromWord,92,undefined2 WriteAndVerifyEepromWord(undefined2 p0)
04EA95,Eeprom_ClockAndReadWord,36,undefined2 Eeprom_ClockAndReadWord(undefined2 p0)
04EAA7,InitEepromHardware,70,undefined InitEepromHardware(void)
04EACA,ConfigureEepromPins,72,undefined2 ConfigureEepromPins(undefined2 p0)
04EAEE,InitPetWalkToItem,146,undefined2 InitPetWalkToItem(undefined2 p0)
04EB37,HandleMapNavigationInput,80,undefined2 HandleMapNavigationInput(undefined2 p0)
04EB5F,SwitchGameStateAndSetFlag3_04eb5f,20,undefined SwitchGameStateAndSetFlag3_04eb5f(void)
04EB7C,HandleInventorySelection_04eb7c,312,undefined HandleInventorySelection_04eb7c(void)
04EC05,ReturnVoidStub_04ec05,6,undefined ReturnVoidStub_04ec05(void)
04EC08,UpdatePetWalkToItem,128,undefined2 UpdatePetWalkToItem(undefined2 p0)
04EC48,ScrollViewportRight_04ec48,248,undefined ScrollViewportRight_04ec48(void)
04ECC4,HandleInventorySelectionB_04ecc4,80,undefined HandleInventorySelectionB_04ecc4(void)
04ECEC,RenderPetWalkToItem,304,undefined2 RenderPetWalkToItem(undefined2 p0)
04ED84,AddToLifetimeEarnings,22,undefined2 AddToLifetimeEarnings(undefined2 p0)
04ED8F,AddToStatCounter,44,undefined2 AddToStatCounter(undefined2 p0)
04EDA5,ResetSomething_04eda5,46,undefined ResetSomething_04eda5(void)
04EDBC,BeginStatChangeNotification,182,undefined2 BeginStatChangeNotification(undefined2 p0)
04EE17,IsStatChangeNotificationIdle,28,bool IsStatChangeNotificationIdle(void)
04EE25,DrawStatChangeNotification,258,undefined DrawStatChangeNotification(void)
04EEA6,UpdateStatChangeNotification,486,undefined UpdateStatChangeNotification(void)
04EF99,ResetSessionCounters,40,undefined ResetSessionCounters(void)
04EFAD,InitPlayerInventory,34,undefined InitPlayerInventory(void)
04EFBE,GetWorldItemSlotValue,22,undefined2 GetWorldItemSlotValue(undefined2 p0)
04EFC9,GetAreaItemSpriteId1,40,undefined2 GetAreaItemSpriteId1(undefined2 p0)
04EFDD,GetAreaItemSpriteId2,42,undefined2 GetAreaItemSpriteId2(undefined2 p0)
04EFF2,GetWorldItemSlotPositionPair_Unverified,70,undefined2 GetWorldItemSlotPositionPair_Unverified(undefined2 p0)
04F015,SetInventorySlot,34,undefined2 SetInventorySlot(undefined2 p0)
04F026,GetPlayerInventoryPtr,14,undefined2 GetPlayerInventoryPtr(void)
04F02D,GetPreviewInventoryPtr,14,undefined2 GetPreviewInventoryPtr(void)
04F034,InitEmptyPreviewInventory,50,undefined InitEmptyPreviewInventory(void)
04F04D,Inventory_CountItem,54,int Inventory_CountItem(int item_id)
04F068,Inventory_FindSlotByItemId,50,undefined2 Inventory_FindSlotByItemId(undefined2 p0)
04F081,Inventory_RemoveOneInstance,46,undefined2 Inventory_RemoveOneInstance(undefined2 p0)
04F098,Inventory_RemoveAllOfItem,74,undefined2 Inventory_RemoveAllOfItem(undefined2 p0)
04F0BD,SavePlayerInventoryToSlot,42,undefined SavePlayerInventoryToSlot(void)
04F0D2,LoadPlayerInventoryFromSave,136,undefined2 LoadPlayerInventoryFromSave(undefined2 p0)
04F116,ReturnVoidStub_04f116,6,undefined ReturnVoidStub_04f116(void)
04F119,Inventory_SaveSlotToDisk,254,undefined2 Inventory_SaveSlotToDisk(undefined2 p0)
04F198,AdvanceLfsrRandomSeed,54,undefined2 AdvanceLfsrRandomSeed(undefined2 p0)
04F1B3,Unknown_04f1b3,8,uint Unknown_04f1b3(void)
04F1B7,RandRange,170,undefined2 RandRange(undefined2 p0)
04F20C,RandRangeB,170,undefined2 RandRangeB(undefined2 p0)
04F261,GetCachedSaveLength,14,undefined2 GetCachedSaveLength(void)
04F268,SetCachedSaveLength,20,undefined2 SetCachedSaveLength(undefined2 p0)
04F272,SetSaveWriteLength,16,undefined2 SetSaveWriteLength(undefined2 p0)
04F27A,HandleCartLinkConnection,436,undefined HandleCartLinkConnection(void)
04F354,SoftFloat_AddSubWrapper,14,undefined4 SoftFloat_AddSubWrapper(void)
04F35B,SoftFloat_AddSub,376,undefined4 SoftFloat_AddSub(void)
04F417,SoftFloat_NormalizeMantissa,24,undefined SoftFloat_NormalizeMantissa(void)
04F423,ResetSpriteEngine,266,undefined ResetSpriteEngine(void)
04F4A8,InitHardwarePorts,58,undefined InitHardwarePorts(void)
04F4C5,InitGameSubsystems,68,undefined InitGameSubsystems(void)
04F4E7,FloatDivide,384,"undefined2 FloatDivide(undefined2 p0, undefined2 p1, undefined2 p2, undefined2 p3)"
04F5A7,GameEntryPoint,50,undefined2 GameEntryPoint(void)
04F5C0,SwitchGameState,26,void SwitchGameState(void)
04F5CD,SwapReturnGameState,30,undefined SwapReturnGameState(void)
04F5DC,EmptyStub_04f5dc,10,undefined EmptyStub_04f5dc(void)
04F5E1,WaitForElapsedTime,42,"undefined2 WaitForElapsedTime(undefined2 p0, undefined2 p1)"
04F5F6,FloatMathWaitLoopB_04f5f6,196,undefined FloatMathWaitLoopB_04f5f6(void)
04F658,PowerDownHardware,88,undefined2 PowerDownHardware(void)
04F68E,ClearSpriteTilemapToEmpty,62,undefined8 ClearSpriteTilemapToEmpty(void)
04F6AD,ResetAllVoiceRegisters,76,undefined8 ResetAllVoiceRegisters(void)
04F6D3,ConfigureGpioForSleep,84,undefined8 ConfigureGpioForSleep(void)
04F6FD,SetGpioPinState,20,undefined2 SetGpioPinState(undefined2 p0)
04F717,WriteStreamCharsWithCRLF,144,"int WriteStreamCharsWithCRLF(int handle, uint * buffer, int count)"
04F75F,Crc16_ProcessByte,30,undefined Crc16_ProcessByte(void)
04F76E,Crc16_ComputeBuffer,68,undefined Crc16_ComputeBuffer(void)
04F790,AppendPacketChecksum,48,undefined AppendPacketChecksum(void)
04F7A8,VerifyPacketChecksum,24,undefined2 VerifyPacketChecksum(void)
04F7B4,RemainderUnsigned32,34,undefined2 RemainderUnsigned32(void)
04F7C5,UnsignedDivide32Rem,136,longlong UnsignedDivide32Rem(void)
04F809,GetFormattedFloatDigits,38,"undefined2 GetFormattedFloatDigits(undefined2 p0, undefined2 p1, undefined2 p2, undefined2 p3, undefined2 p4)"
04F81C,GetSimpleFormattedFloat,38,"undefined2 GetSimpleFormattedFloat(undefined2 p0, undefined2 p1, undefined2 p2, undefined2 p3, undefined2 p4)"
04F82F,FormatFloatWithSignPrefix,90,"undefined2 FormatFloatWithSignPrefix(undefined2 p0, undefined2 p1, undefined2 p2, undefined2 p3)"
04F85C,FloatCompare,152,"undefined2 FloatCompare(undefined2 p0, undefined2 p1, undefined2 p2, undefined2 p3)"
04F8A8,SignedDivide32,64,"undefined2 SignedDivide32(undefined2 p0, undefined2 p1, undefined2 p2, undefined2 p3)"
04F8C8,NormalizeDivisionSigns,70,undefined NormalizeDivisionSigns(void)
04F8EB,NormalizeFloatIfNonzero,32,undefined2 NormalizeFloatIfNonzero(undefined2 p0)
04F8FB,SoftFloat_Normalize,98,undefined4 SoftFloat_Normalize(void)
04F92C,SprintF,110,undefined2 SprintF(undefined2 p0)
04F965,Arena_Alloc_Wrapper,26,undefined2 Arena_Alloc_Wrapper(undefined2 p0)
04F972,Arena_ResetToMark_Wrapper,26,undefined2 Arena_ResetToMark_Wrapper(undefined2 p0)
04F97F,Arena_Alloc,42,"undefined2 Arena_Alloc(undefined2 p0, undefined2 p1)"
04F994,Arena_ResetToMark,18,"undefined2 Arena_ResetToMark(undefined2 p0, undefined2 p1)"
04F99D,SafeUnsignedDivide16,28,"undefined2 SafeUnsignedDivide16(undefined2 p0, undefined2 p1)"
04F9AB,UnsignedDivide16,76,long UnsignedDivide16(void)
04F9D1,SignedDivide16,48,"undefined2 SignedDivide16(undefined2 p0, undefined2 p1)"
04F9E9,NormalizeSignedDivisionOperands,50,undefined NormalizeSignedDivisionOperands(void)
04FA02,SoftFloat_ToIntGeneral,14,ulong SoftFloat_ToIntGeneral(void)
04FA09,SoftFloat_ConvertToIntGeneral,78,ulong SoftFloat_ConvertToIntGeneral(void)
04FA30,ShiftRight32Signed,76,"undefined2 ShiftRight32Signed(undefined2 p0, undefined2 p1, undefined2 p2)"
04FA56,SoftFloat_ToIntWrapper,14,undefined SoftFloat_ToIntWrapper(void)
04FA5D,SoftFloat_ToInt,62,uint SoftFloat_ToInt(void)
04FA7C,SignedMod,72,"int SignedMod(int dividend, int divisor)"
04FAA0,ShiftRightWrapper,20,"undefined2 ShiftRightWrapper(undefined2 p0, undefined2 p1, undefined2 p2)"
04FAAA,ShiftRight32,40,undefined4 ShiftRight32(void)
04FABE,ShiftLeftWrapper,20,"undefined2 ShiftLeftWrapper(undefined2 p0, undefined2 p1, undefined2 p2)"
04FAC8,ShiftLeft32,40,undefined4 ShiftLeft32(void)
04FADC,SwapMultiplyResultRegisters,22,"undefined2 SwapMultiplyResultRegisters(undefined2 p0, undefined2 p1)"
04FAE7,Multiply16x16,38,undefined Multiply16x16(void)
04FAFA,Arena_ReallocWrapper,30,"undefined2 Arena_ReallocWrapper(undefined2 p0, undefined2 p1)"
04FB09,Arena_Realloc,30,"undefined2 Arena_Realloc(undefined2 p0, undefined2 p1, undefined2 p2)"
04FB18,ArithShiftRight16,52,"undefined2 ArithShiftRight16(undefined2 p0, undefined2 p1)"
04FB32,StrNCpy,46,"int * StrNCpy(int * param_1, int * param_2, int param_3)"
04FB49,NormalizeFloat,46,"undefined2 NormalizeFloat(undefined2 p0, undefined2 p1)"
04FB60,ShiftLeft,42,"ushort ShiftLeft(ushort value, ushort count)"
04FB75,ShiftRight,42,"ushort ShiftRight(ushort value, ushort count)"
04FB8A,SignedMultiply16x16,38,ulong SignedMultiply16x16(void)
04FB9D,DivModUnsigned32,38,undefined4 DivModUnsigned32(void)
04FBB0,StrCat,34,"int * StrCat(int * param_1, int * param_2)"
04FBC1,SafeUnsignedRemainder16,30,"undefined2 SafeUnsignedRemainder16(undefined2 p0, undefined2 p1)"
04FBD0,StrCopy,26,"int * StrCopy(int * param_1, int * param_2)"
04FBDD,ToUpperAscii,26,int ToUpperAscii(int param_1)
04FBEA,SoftFloatAddSubWrapper,24,"undefined2 SoftFloatAddSubWrapper(undefined2 p0, undefined2 p1, undefined2 p2, undefined2 p3)"
04FBF6,WideStrLen,24,int WideStrLen(int * param_1)
04FC02,FloatNegate,18,"undefined2 FloatNegate(undefined2 p0, undefined2 p1)"
